"Country_Name","Country_Code","Indicator_Name","1984","1985","1986","1987","1988","1989","1990","1991","1992","1993","1994","1995","1996","1997","1998","1999","2000","2001","2002","2003","2004","2005","2006","2007","2008","2009","2010","2011","2012","2013","2014","2015","2016","2017","2018","2019","2020","2021","2022","2023"
"Nigeria","NGA","Travel services (% of commercial service exports)",11.14457831,10.63829787,71.75398633,34.44444444,14.90909091,0.93503937,2.540251657,4.445500708,2.747790513,2.872793757,2.684481491,2.7554911,4.827047098,6.977032679,5.323020258,5.471168303,5.50000059,5.499877648,5.499953748,0.861846151,0.63183064,3.802873754,8.955801166,19.4362652,31.02936113,34.19803599,21.7254289,26.93210299,26.8231021,28.0718908,36.0299565,15.10904857,32.98457688,56.03693924,45.1009092,32.30085162,8.868845738,7.250054162,25.56257447,16.96319935
"Nigeria","NGA","Commercial service exports (current US$)",433122128.1,315515973.5,250210455.5,224101501.8,363679110.1,551818904.5,965147860,886310881.9,1052587671,1162592955,370885615.6,189062408.9,229552040.4,239890020.2,251799815.8,979617297.7,1832948553,1653267405,2523770923,3473114365,3336004128,1432765185,2056668731,1097678455,1833045206,1759926454,2619372316,2313948391,2067293875,1916435216,1507440066,2673338418,3244834602,4548953841,4351053349,4486237499,3532610325,3532116624,4408199241,3963706001
"Nigeria","NGA","Urban population growth (annual %)",5.533773664,5.747520176,5.613625342,5.542468567,5.520350244,5.50862364,5.492673052,4.219550949,4.170357105,4.188547606,4.194002446,4.166090396,4.128611513,4.10548714,4.085747482,4.102649891,4.153285965,5.002847876,5.007834089,4.988981123,4.961109766,4.924461651,4.895541303,4.87904797,4.859830828,4.829727087,4.817232665,4.781297732,4.713374585,4.606379879,4.484246034,4.346763549,4.257992685,4.229970859,4.148946368,4.050189568,3.994245224,3.911587634,3.838622955,3.79358823
"Nigeria","NGA","Population, female (% of total population)",49.84164449,49.82691743,49.81888238,49.81049686,49.80005914,49.78776431,49.77469813,49.77060022,49.77202751,49.77018299,49.76451106,49.76061214,49.76269687,49.76238185,49.75547072,49.74626921,49.73758828,49.72699906,49.71657322,49.70931409,49.70263208,49.69725901,49.69076302,49.68043892,49.66679049,49.6499637,49.6334147,49.61757816,49.60262808,49.58914587,49.57627764,49.56219568,49.54495762,49.52712101,49.51039914,49.49406233,49.48183894,49.47219095,49.46118584,49.45015705
"Nigeria","NGA","Age dependency ratio (% of working-age population)",92.24697384,92.70525925,93.00033627,93.07008925,92.92770759,92.61771669,92.14907834,91.62820401,91.06590955,90.40623159,89.72114338,89.09152041,88.52484581,87.96950343,87.43182076,87.03978909,86.8835229,86.9198309,87.11064193,87.41564172,87.74206084,88.1012518,88.51555428,88.92249189,89.3165524,89.67433403,89.94405831,90.1298974,90.25184642,90.27969362,90.15230087,89.89683484,89.51834215,88.96855403,88.33485284,87.68050129,86.93132415,86.1076368,85.25069823,84.32561882
"Nigeria","NGA","Population ages 75-79, male (% of male population)",0.474557583,0.475347761,0.475465383,0.474791877,0.473988408,0.474002283,0.474595741,0.475422582,0.476377808,0.477154702,0.477001093,0.475638851,0.473639038,0.471351159,0.469347008,0.467991752,0.46726497,0.466766095,0.465987814,0.465154751,0.464546861,0.464330446,0.464709282,0.465389695,0.466281796,0.46757401,0.469102779,0.471020433,0.47358185,0.47647316,0.479199588,0.481620109,0.483828049,0.485802424,0.488131003,0.49126449,0.49242196,0.489338884,0.487194277,0.484540789
"Nigeria","NGA","Population ages 65 and above (% of total population)",3.204136244,3.205060663,3.205368731,3.205406962,3.205778053,3.205926456,3.204489655,3.201242761,3.195621531,3.1880177,3.177552396,3.164552314,3.151809936,3.139529342,3.128060673,3.118437165,3.111072277,3.105219442,3.100120162,3.096158862,3.092251743,3.08824308,3.085309198,3.082731019,3.080111768,3.078893118,3.078683846,3.077798695,3.074525275,3.063685837,3.04262093,3.026103296,3.018933933,3.012882601,3.009797635,3.010140334,3.002533207,2.98161812,2.974487492,2.985719706
"Nigeria","NGA","Population ages 65 and above, female (% of female population)",3.426102303,3.424163364,3.421509681,3.419047023,3.418357919,3.418316838,3.417323961,3.41473906,3.410186772,3.404403111,3.395507665,3.383675507,3.372295751,3.360848908,3.348051432,3.335634822,3.32522803,3.315970249,3.307671926,3.300702649,3.293402653,3.2854916,3.278239205,3.271071438,3.262956237,3.255731913,3.249690307,3.243143229,3.234747572,3.220621885,3.196659639,3.178576914,3.171668418,3.165711727,3.162846453,3.163278137,3.158243006,3.141758161,3.136114871,3.146407071
"Nigeria","NGA","Population ages 60-64, male (% of male population)",1.912658884,1.907277213,1.902430537,1.897619609,1.892148213,1.88600889,1.879425023,1.873975032,1.869424759,1.864966571,1.860367122,1.855768479,1.852514685,1.851122883,1.851196083,1.850635863,1.848533021,1.844991948,1.840041969,1.835679074,1.833490962,1.833075521,1.831814438,1.824909533,1.802759359,1.763553812,1.726569238,1.700270591,1.680428356,1.67410581,1.683051542,1.692748245,1.697167135,1.701489586,1.706475784,1.711536463,1.713713043,1.713418055,1.718403823,1.728337349
"Nigeria","NGA","Population ages 50-54, male (% of male population)",3.0863364,3.079933872,3.076611615,3.077205483,3.079549982,3.07993311,3.07761253,3.073224569,3.066854352,3.060768642,3.057279366,3.055755571,3.052295418,3.040536628,3.005065255,2.940944727,2.878651719,2.832411875,2.795049027,2.778684467,2.786834851,2.794533606,2.792693711,2.790592682,2.787633276,2.783420122,2.779557165,2.777270352,2.77757024,2.780011456,2.783471834,2.786874244,2.789206612,2.790320561,2.792399718,2.79815984,2.808455302,2.82550117,2.852581401,2.888597636
"Nigeria","NGA","Population ages 40-44, male (% of male population)",4.557715411,4.553034314,4.546851462,4.529813291,4.478393874,4.385177407,4.296311668,4.231176298,4.179132905,4.159722213,4.177730202,4.194753156,4.196905303,4.199694616,4.202431334,4.201992511,4.198896296,4.195715952,4.194083697,4.192685811,4.190651332,4.186142476,4.177823634,4.166690984,4.15536809,4.148216333,4.149217377,4.162726422,4.18890832,4.225581423,4.273742485,4.331486807,4.39086255,4.449826469,4.509349208,4.560825121,4.598576626,4.625194916,4.640768203,4.645778497
"Nigeria","NGA","Population ages 30-34, male (% of male population)",5.909947644,5.927796276,5.924428006,5.924493709,5.928688075,5.932769228,5.938856518,5.943839506,5.950035046,5.960129574,5.971108059,5.978890542,5.980768134,5.980583416,5.981885877,5.986513634,5.99667575,6.020399085,6.059195195,6.108171466,6.170453788,6.242650108,6.312364085,6.378707859,6.443071156,6.494051276,6.525085379,6.541298369,6.542842576,6.529967235,6.501068546,6.45453109,6.395771997,6.332293582,6.266633597,6.212519845,6.182436117,6.171298217,6.176025885,6.196423488
"Nigeria","NGA","Population ages 20-24, male (% of male population)",8.249090179,8.247169676,8.239808683,8.233549976,8.236402931,8.252018191,8.284948864,8.335747561,8.406519556,8.498221019,8.611928385,8.741548939,8.868700062,8.993279184,9.117099879,9.217685598,9.278851484,9.309954808,9.314107765,9.290064538,9.239636872,9.161371702,9.059697028,8.945713061,8.826553168,8.724480901,8.653770379,8.609084481,8.590358845,8.594905081,8.61046647,8.630647224,8.658667463,8.688691678,8.70990629,8.735759356,8.789610431,8.868645508,8.964869226,9.074727477
"Nigeria","NGA","Population ages 15-64, male (% of male population)",51.89670573,51.77079905,51.68582889,51.66349938,51.70295489,51.79071508,51.92420286,52.06742572,52.21861159,52.39882076,52.58850127,52.76343849,52.92010595,53.0760114,53.22816886,53.33736676,53.37634948,53.36011033,53.30223581,53.2126757,53.11856297,53.01515161,52.89695517,52.78531031,52.67980104,52.58569645,52.51674162,52.4715853,52.44512027,52.4474934,52.49291879,52.5749489,52.69401897,52.86028337,53.05024097,53.24711751,53.47282713,53.72195488,53.98196827,54.26406214
"Nigeria","NGA","Population ages 15-19, male (% of male population)",9.66547573,9.680945933,9.729650226,9.812501615,9.920996016,10.05394086,10.20720491,10.3608483,10.50883656,10.65441107,10.77688869,10.86084573,10.91441856,10.93968601,10.93537885,10.89680783,10.82152461,10.71658698,10.59204288,10.4589207,10.344776,10.26157544,10.20247248,10.17099036,10.16333517,10.16782705,10.18073178,10.20000656,10.21469938,10.2206406,10.23631045,10.28062712,10.35198081,10.44774659,10.56079113,10.66550401,10.75328648,10.83134293,10.89561117,10.95387994
"Nigeria","NGA","Population ages 05-09, male (% of male population)",14.73586986,14.83238911,14.9002827,14.93232905,14.92216856,14.86781454,14.77020647,14.64680199,14.50362608,14.34495453,14.20737104,14.11283777,14.05500654,14.03273027,14.04376984,14.06933952,14.09828967,14.12802555,14.14367215,14.14088129,14.14619984,14.18583705,14.25592756,14.35091691,14.462696,14.55830418,14.62233088,14.66462355,14.69093483,14.71645815,14.74729119,14.76891038,14.77150649,14.74628028,14.68297562,14.5898282,14.47892098,14.36146949,14.24472019,14.13434982
"Nigeria","NGA","Population ages 0-14, male (% of male population)",45.11972255,45.24173131,45.3233831,45.34312041,45.30215355,45.21395339,45.08223232,44.94287773,44.79838441,44.62756689,44.44985818,44.28904417,44.14648694,44.0036852,43.86161992,43.75920047,43.72449786,43.74313213,43.80285602,43.89334466,43.98795771,44.0914796,44.20829386,44.31790692,44.42051077,44.50979045,44.57309171,44.61345048,44.63805012,44.64319871,44.61591014,44.54877446,44.43702663,44.27679945,44.09004196,43.89281188,43.67715525,43.45322143,43.20172527,42.90740985
"Nigeria","NGA","Population ages 00-04, male (% of male population)",18.66450013,18.52844043,18.36845213,18.1847243,17.98611876,17.81341864,17.68716268,17.60774385,17.5736949,17.56830379,17.57392115,17.58740439,17.60837393,17.61404922,17.59579856,17.58366491,17.60505433,17.65536076,17.73308681,17.83225233,17.91276439,17.9591287,17.98231879,17.98257082,17.9753139,17.96496185,17.9326865,17.87444059,17.79042465,17.66473758,17.50594312,17.33311722,17.1484457,16.96101105,16.78874859,16.63404698,16.49248197,16.36298557,16.22511304,16.07542061
"Nigeria","NGA","Primary school starting age (years)",6,6,6,6,6,6,6,6,6,6,6,6,6,6,6,6,6,6,6,6,6,6,6,6,6,6,6,6,6,6,6,6,6,6,6,6,6,6,6,6
"Nigeria","NGA","Manufacturing, value added (current US$)",13033449391,15526816211,11514709077,9894411156,10435930594,8076336007,9608966833,11604510416,9190608088,10423202207,16825291532,28175099386,35476481486,38560326736,38114862986,9615433497,9637935327,10243193746,11227607811,12632153479,14746181258,17674362416,21110117126,23377750177,27731521569,23124007767,24048210354,29721754775,35839657847,46440895420,55327265696,46484711768,35122321150,32847667356,40693398886,54675607380,54747780508,64409675734,64246287570,55742160241
"Nigeria","NGA","Agriculture, forestry, and fishing, value added (% of GDP)",18.30836066,18.22763997,18.02042516,20.55210632,23.37164885,21.27559734,21.55626328,20.88528311,20.32115887,23.49113048,25.17384878,25.48650645,26.1991592,27.41665114,27.90837138,26.02848571,21.3572413,24.47535466,36.96508267,33.82706055,27.2304536,26.08928283,24.73499126,24.66257721,25.27975078,26.74885451,23.89370409,22.23471099,21.85995862,20.75862283,19.99025477,20.63189348,20.98310971,20.84657143,21.20377372,21.90629593,24.14330587,23.35705876,23.69187184,22.72493804
"Nigeria","NGA","Agriculture, forestry, and fishing, value added (current LCU)",30365184995,34237086700,35702635244,50286937894,73764505840,88264126108,1.07e+11,1.23e+11,1.84e+11,2.95e+11,4.45e+11,7.9e+11,1.07e+12,1.21e+12,1.34e+12,1.43e+12,1.51e+12,2.02e+12,4.25e+12,4.59e+12,4.94e+12,6.03e+12,7.51e+12,8.55e+12,1.01e+13,1.16e+13,1.3e+13,1.4e+13,1.58e+13,1.68e+13,1.8e+13,1.96e+13,2.15e+13,2.4e+13,2.74e+13,3.19e+13,3.72e+13,4.11e+13,4.79e+13,5.33e+13
"Nigeria","NGA","Personal remittances, received (current US$)",11741262.51,10069658.73,3989688.356,2739018.355,2424527.401,10183665.81,10008540.02,65544714.33,56448404.41,793154025.5,549872704.1,250043007.2,296587337.3,585738409.8,448546824.8,1301055577,1391826072,1166614598,1208958588,1062820789,2272734507,14640084310,16932144079,18014430787,19199974036,18370796915,19744755063,20616772501,20542884460,20797073957,20999084800,20626046924,19697938004,22037016832,24311022416,23809281401,17207547306,19483402059,20127614151,19549549365
"Nigeria","NGA","Foreign direct investment, net inflows (% of GDP)",0.257421832,0.65845266,0.352544297,1.159069795,0.762696402,4.282087862,1.08795099,1.196726454,1.722383016,2.371903471,2.436852347,0.238321527,0.26881827,0.233794419,0.137154047,1.699068935,1.64832099,1.618615558,1.971584135,1.91462057,1.380373875,2.836294054,2.035752673,2.16919537,2.413739183,2.900248732,1.642073692,2.133117702,1.523782338,1.069539365,0.817478468,0.621501637,0.853395743,0.642182922,0.183821496,0.485777628,0.551893509,0.75156918,-0.039522367,0.516108975
"Nigeria","NGA","Exports of goods, services and primary income (BoP, current US$)",12346589820,13510125461,5391208880,7829857470,7279533315,8575325521,14761462726,13351068428,12999650513,11130361950,9878568831,3871863339,5315486771,4957401155,2902933765,14095590011,21183082283,19843883801,18321010045,27530353302,38260209526,57149176339,61107983547,70058379756,90359643778,59328527137,83697021546,1.03e+11,99480314425,1e+11,86220193224,49978538839,39692585743,52333999477,68089155080,72245869103,41639047640,52755939607,70760003475,62702710967
"Nigeria","NGA","Insurance and financial services (% of service exports, BoP)",4.06626506,5.460992908,1.116173121,0.533333333,2.545454545,0.221456693,0.284348197,0.744651976,1.11874029,0.948985626,0.429026722,0.598816402,0.271643541,0.428865102,0.424309392,0.845715044,0.849758146,0.849941543,0.850115334,0.112966908,0.166021903,0.642473271,0.553207017,1.242389219,0.674781036,0.398519993,0.481547199,0.52041941,0.542256686,1.089100148,1.82274825,9.388194336,8.753729121,7.176348504,15.86272639,16.31274971,23.78752149,20.41234164,18.77843884,25.0796955
"Nigeria","NGA","Foreign direct investment, net (BoP, current US$)",-189164784.9,-485581320.9,-193214907.5,-610552091.5,-378667097.7,-1884249739,-587882970.6,-712373362.5,-896641282.5,-1345368587,-1959219858,-335842165,-499276809.5,-469577019.8,-299566658.3,-1004915631,-1140167556,-1190618644,-1874070753,-2005353563,-1874060887,-4967898853,-4534735267,-5168340726,-7142806620,-7030645512,-5114533233,-8024302188,-5539784716,-4335423789,-3079534132,-1628965268,-3117793414,-2102144197,-209678288.4,-2019780966,-911945228.6,-1495300005,119729340.7,-1616677181
"Nigeria","NGA","Net primary income (BoP, current US$)",-1180649174,-1463457069,-742651989.7,-2879953299,-2364355039,-2392346771,-2738110063,-2420313882,-2338198895,-3277701933,-2937670486,-895692615.1,-946963850.2,-959466553.2,-652724478.8,-2577949947,-3147820985,-2797649042,-2670151912,-3242889407,-2531826175,-2990937832,-4601566970,-11749661207,-15054371161,-14405364615,-19440038149,-22782084447,-22085381230,-25520557293,-19162073098,-12707751418,-6261231584,-8345674842,-11252378025,-9161037468,-4766982074,-8583080410,-12872572336,-10940239029
"Nigeria","NGA","Personal remittances, paid (current US$)",332669097.9,297614349.4,149898284.9,21663145.07,37029144.29,28785829.54,8853591.755,53510676.99,34802542.94,2310583.528,3500636.479,1463817.392,547300.155,1164844.856,1328093.32,9400236.739,1052141.649,593358.4312,903977.98,11562241.36,20855603.81,68030269.69,101560829.6,54006296.49,58148760.58,47035790.57,47474692.66,75506157.77,38702386.73,50482639.37,54615715.58,1035451150,744771120.4,275345845.1,67676279.79,90600080.53,92101664.91,82545294.22,82424279.49,84096847.3
"Nigeria","NGA","Service imports (BoP, current US$)",1799022333,1655899435,1106283586,871754841.9,804061450.7,1374523320,1976319395,2448329440,1809841253,2725883970,3006683033,1437397921,1512405660,1437235748,1187026067,3475867491,3300264707,4639638591,4921662498,5714692544,5973282017,6623479186,13923695094,18348346387,24369200492,18699281920,21332515363,24570829120,23941006054,21802853214,24911354312,19612685769,11758306299,18264780868,30883664001,38710165612,19832514705,16056904042,18820276417,17677017599
"Nigeria","NGA","Primary income payments (BoP, current US$)",1238050902,1544014338,799077582.2,2925769606,2405131182,2544422848,2949191252,2631178612,2494089517,3335475597,2986270231,927043072.8,982973508.8,1038297641,747594117,2817655984,3365466810,2996639883,2853717495,3324516231,2689277909,3146068005,6476710731,14313849432,17405497199,15340770476,20437790389,23679612563,23041911737,26401399678,20795111098,13638522241,7506276971,9831687570,13302734442,11480185915,6468854560,10483241775,14541444535,13381530595
"Nigeria","NGA","Transport services (% of commercial service exports)",59.18674699,73.97163121,27.12984055,16.91111111,36.3030303,2.878937008,3.856042641,11.25681399,14.59544039,17.17499531,13.63079186,16.40429464,10.42016807,11.54923088,12.83535912,12.03236933,12.03000569,12.02969086,12.02998636,10.40498748,20.16827764,93.3517107,88.82308347,75.58767112,65.94274398,62.41180913,75.20161793,68.60196992,67.44707912,57.35983858,51.37026789,67.6322446,51.29682206,28.58971959,30.58960948,43.87339729,58.11599409,64.0554157,45.89220035,48.23837421
"Nigeria","NGA","Computer, communications and other services (% of commercial service exports)",25.60240964,9.929078014,-1.99e-13,48.11111111,46.24242424,95.96456693,93.3193575,83.55303333,81.5380288,79.00322531,83.25569993,80.24139786,84.48114129,81.04487134,81.41731123,81.65074732,81.62023557,81.62048995,81.61994455,88.62019946,79.03386982,2.04159297,1.60282437,3.342673783,2.194821814,2.887869123,2.506625567,3.704277513,5.100222884,13.20654402,10.1918984,6.161357234,5.619210023,7.437316368,6.745215958,5.829683036,6.127430118,5.600424006,7.825127819,6.701232366
"Nigeria","NGA","Commercial service imports (current US$)",1519841202,1607788844,1066386702,871754841.9,804061450.7,1324962813,1901452779,2386656069,1738505383,2681363028,2980632842,1368691374,1422760586,1431955685,1155062793,3311049285,3143829927,4419718380,4688378126,5714692544,5973282017,6383601525,12114877563,15555608187,22569759003,16489628731,19868008136,22470101622,22412007842,20078679376,23245134256,18286128187,11344932424,18003034026,30625184606,38451563318,19597958219,15791980063,18499872009,17252163120
"Nigeria","NGA","Rural population (% of total population)",75.128,74.365,73.586,72.791,71.981,71.158,70.32,69.824,69.323,68.818,68.309,67.795,67.275,66.753,66.227,65.696,65.16,64.331,63.492,62.644,61.788,60.926,60.057,59.181,58.298,57.412,56.52,55.634,54.754,53.882,53.018,52.162,51.317,50.481,49.656,48.843,48.042,47.254,46.479,45.717
"Nigeria","NGA","Population, female",40539974,41647954,42746686,43855247,44995084,46175196,47392609,48618590,49862635,51151537,52479723,53834817,55214789,56625202,58059921,59544078,61103614,62731941,64424240,66172940,67971753,69820038,71718561,73673124,75683500,77749737,79886397,82099103,84362132,86645192,88929439,91192351,93474951,95832952,98222504,100623652,103084231,105574310,108093075,110671742
"Nigeria","NGA","Population growth (annual %)",2.471938226,2.725926465,2.620070045,2.577103193,2.586844031,2.613644568,2.628598955,2.562201236,2.523727963,2.555767624,2.574829449,2.557189798,2.526852594,2.522964745,2.516033896,2.542619887,2.60286877,2.651265494,2.682889956,2.692767906,2.695503465,2.693693418,2.695925823,2.709626937,2.719686803,2.727384843,2.744378852,2.764062379,2.749288878,2.697474043,2.628123853,2.541187462,2.507034086,2.52731692,2.496644904,2.448200698,2.440608885,2.406363381,2.380007155,2.379888269
"Nigeria","NGA","Population ages 75-79, female (% of female population)",0.569821523,0.569751871,0.569004343,0.567696045,0.566799704,0.566903928,0.567721429,0.568845162,0.570239614,0.571707167,0.572020936,0.570880556,0.569200757,0.566965743,0.563987166,0.560998694,0.558563525,0.556195926,0.553688332,0.551341677,0.549161212,0.547264092,0.545850324,0.544617875,0.543162641,0.541854566,0.540867427,0.54038471,0.540776403,0.541712116,0.542667875,0.543346012,0.543584131,0.543665815,0.544350302,0.545962094,0.546771797,0.544515991,0.542346492,0.539743924
"Nigeria","NGA","Population ages 65 and above, total",2606166,2678958,2750341,2822174,2896468,2973306,3051131,3127146,3201439,3276500,3350923,3423654,3497128,3572508,3650150,3732631,3822014,3917317,4017230,4121601,4228866,4338695,4453019,4571506,4693551,4821416,4955229,5092641,5229028,5353059,5457823,5567903,5695730,5829805,5971066,6119751,6255100,6362813,6500481,6682179
"Nigeria","NGA","Population ages 65 and above, female",1388941,1426094,1462582,1499432,1538093,1578415,1619559,1660198,1700409,1741405,1781953,1821596,1862006,1903087,1943876,1986173,2031835,2080172,2130942,2184172,2238584,2293931,2351106,2409901,2469519,2531323,2596061,2662591,2728902,2790514,2842771,2898619,2964716,3033795,3106627,3183006,3255651,3316890,3389923,3482184
"Nigeria","NGA","Population ages 60-64, female (% of female population)",2.027144837,2.019861504,2.013275368,2.007201122,2.001684251,1.996361856,1.991234519,1.98717505,1.983849209,1.980737177,1.977238923,1.973356777,1.970817076,1.970227833,1.970332529,1.969085826,1.965926271,1.960844795,1.954052543,1.947535488,1.942816613,1.93949979,1.935280729,1.92618004,1.90570929,1.868112428,1.835604753,1.818955318,1.807024044,1.804596969,1.816827486,1.827098974,1.827270816,1.827659446,1.82907523,1.830821536,1.830997322,1.8292542,1.831338872,1.83746589
"Nigeria","NGA","Population ages 50-54, female (% of female population)",3.128914154,3.121227718,3.116919988,3.116922396,3.119121893,3.119657575,3.117563088,3.113501408,3.107430011,3.101333036,3.097384899,3.095235776,3.091697923,3.081263153,3.053952683,2.998781004,2.949520302,2.923660532,2.903562386,2.897076185,2.912941666,2.923511708,2.916824398,2.910154203,2.902849347,2.894427797,2.886070203,2.878693449,2.873431428,2.869987309,2.867792729,2.866263986,2.864268418,2.861741648,2.86101033,2.86441252,2.872667318,2.888517576,2.914448497,2.948889171
"Nigeria","NGA","Population ages 40-44, female (% of female population)",4.496799819,4.489287703,4.481638647,4.46573935,4.426864771,4.349076288,4.281726669,4.249472226,4.226471342,4.224079369,4.254555652,4.277063896,4.274181829,4.272231079,4.270363236,4.265705483,4.258550075,4.250819371,4.243850607,4.236786183,4.229157546,4.219823654,4.207669447,4.193515699,4.18009537,4.171196103,4.170108586,4.181425709,4.205730032,4.240652524,4.287639753,4.345202726,4.404681635,4.46395098,4.524767539,4.578446405,4.618535713,4.646976618,4.663792755,4.669445362
"Nigeria","NGA","Population ages 30-34, female (% of female population)",6.003867861,6.02941136,6.020513497,6.015493494,6.013641468,6.011046493,6.009089877,6.007176411,6.006815464,6.008295567,6.009418209,6.007964195,6.002658943,5.996308799,5.992675274,5.993711079,6.001218684,6.02277634,6.059598064,6.107466238,6.16958861,6.243385271,6.315405531,6.383599984,6.451162364,6.506701109,6.542508107,6.562505927,6.566874736,6.556014133,6.528727194,6.483946809,6.42665274,6.362666883,6.293413644,6.232797503,6.193587486,6.172868665,6.168967346,6.181023184
"Nigeria","NGA","Population ages 20-24, female (% of female population)",8.263024438,8.250282736,8.235717969,8.223215665,8.218692382,8.22561966,8.248002254,8.290783337,8.355602263,8.440057319,8.546199916,8.669893024,8.792991052,8.914052007,9.0370637,9.140536192,9.207269639,9.243907342,9.252472361,9.232995321,9.187178895,9.114657678,9.018529325,8.906101287,8.784517043,8.676216487,8.596463551,8.54270113,8.51534613,8.510872759,8.518373716,8.532948167,8.557526818,8.586191209,8.607523849,8.63319884,8.683527011,8.755354404,8.845389032,8.951431834
"Nigeria","NGA","Population ages 15-64, male",21172599,21711273,22254625,22829553,23450591,24118350,24831009,25547803,26276097,27050330,27859494,28678402,29498404,30341421,31207998,32083220,32959026,33841376,34731089,35624215,36537654,37466170,38409115,39388876,40404883,41461729,42573462,43742750,44952705,46196241,47479623,48791358,50160480,51624915,53137837,54674587,56276500,57926779,59622078,61390502
"Nigeria","NGA","Population ages 15-19, female (% of female population)",9.601341757,9.609685633,9.650259204,9.724307444,9.823225464,9.94723769,10.09315282,10.24053649,10.38353057,10.52708456,10.65087854,10.7378215,10.79365068,10.82092289,10.8196936,10.78513047,10.71506998,10.6160361,10.49451495,10.35959026,10.23903054,10.14600773,10.07668078,10.03512563,10.01778584,10.01452584,10.02295985,10.04018948,10.05436308,10.06116364,10.07758629,10.11954177,10.18565712,10.27717898,10.38744741,10.49052856,10.57773672,10.65601281,10.72205874,10.78249546
"Nigeria","NGA","Population ages 05-09, female (% of female population)",14.5559132,14.65752298,14.72603631,14.75836192,14.75175949,14.70340267,14.61446009,14.49653811,14.35413597,14.19414351,14.05117377,13.94564148,13.87545904,13.84315226,13.84381417,13.85981155,13.88364852,13.91253062,13.9305485,13.93306755,13.94482877,13.98651549,14.05432679,14.1487567,14.26197114,14.36085951,14.43053315,14.48008878,14.514347,14.54700692,14.58350584,14.61319171,14.62821788,14.61722321,14.5704898,14.49491957,14.39697898,14.28580968,14.1713514,14.06077359
"Nigeria","NGA","Population ages 0-14, male",18407754,18973159,19515115,20036644,20547419,21055626,21559066,22052018,22542283,23038503,23547934,24072333,24607867,25155137,25716334,26321810,26999165,27742217,28541409,29385216,30257158,31159750,32100174,33070423,34070090,35094198,36133826,37191844,38260969,39322145,40354902,41342793,42300486,43242031,44162843,45069508,45967224,46854310,47715500,48542393
"Nigeria","NGA","Population ages 00-04, female (% of female population)",18.29108699,18.15840439,18.00098726,17.82122009,17.62503563,17.45181006,17.3229193,17.23677695,17.1938906,17.18086513,17.18416766,17.20072177,17.22391335,17.2352143,17.2314764,17.23670656,17.26939834,17.32671639,17.41215651,17.51830418,17.60676319,17.66294715,17.69888748,17.71519298,17.724457,17.73020338,17.71555363,17.67823091,17.61569407,17.51317844,17.37717294,17.22153,17.04837481,16.86707094,16.69710682,16.54495647,16.40583377,16.27960438,16.15029732,16.01212989
"Nigeria","NGA","DEC alternative conversion factor (LCU per US$)",2.257,2.547,3.615,4.645,6.357,9.428,9.154,9.9125,17.404167,22.164167,22,22,22,22,22,92.693333,102.105,111.945833,120.999045,129.435832,133.496084,131.620675,127.383276,124.616683,117.693679,147.322566,148.811145,152.32765,155.939594,155.753295,156.982817,193.047839,253.492252,305.789901,306.08227,306.920487,356.901231,399.41,428.172863,646.130797
"Nigeria","NGA","GDP per capita growth (annual %)",-3.530019789,3.064911348,-2.526674823,0.574529214,4.593066668,-0.709919119,8.877000036,-2.1803679,2.023628587,-4.507149256,-4.31075317,-2.595600773,1.596032682,0.372520439,0.032473525,-1.941105546,2.317774901,3.146424683,12.27613907,4.495155883,6.34504073,3.609660614,3.238342572,3.741687355,3.899943183,5.130161875,5.081874855,2.437007237,1.403508779,3.832366181,3.552162299,0.076961617,-4.052706362,-1.709873092,-0.590389271,-0.263456378,-4.162059291,1.182828223,0.823296498,0.441156422
"Nigeria","NGA","GDP growth (annual %)",-1.115623217,5.913027459,0.060945274,3.200125467,7.334025488,1.919381296,11.77688593,0.358352602,4.631192946,-2.035118774,-1.814924485,-0.072664764,4.195924047,2.937099419,2.581254102,0.584126893,5.015934759,5.917684649,15.32915574,7.347194968,9.250558229,6.438516525,6.059428032,6.591130361,6.764472778,8.036925101,8.005655916,5.307924203,4.230061175,6.671335393,6.309718655,2.652693295,-1.616868949,0.805886619,1.922757342,2.208429277,-1.794253083,3.647186541,3.251681408,2.860214991
"Nigeria","NGA","GDP (current US$)",73484359521,73745821158,54805852581,52676041931,49648470440,44003061108,54035795388,59526833412,52058181854,56721051402,80399613064,1.41e+11,1.86e+11,2.01e+11,2.18e+11,59145077039,69171451627,73557840064,95054059303,1.05e+11,1.36e+11,1.76e+11,2.38e+11,2.78e+11,3.39e+11,2.95e+11,3.67e+11,4.14e+11,4.64e+11,5.2e+11,5.74e+11,4.93e+11,4.05e+11,3.76e+11,4.22e+11,4.75e+11,4.32e+11,4.41e+11,4.73e+11,3.63e+11
"Nigeria","NGA","Gross value added at basic prices (GVA) (constant 2015 US$)",1.13e+11,1.2e+11,1.2e+11,1.24e+11,1.33e+11,1.36e+11,1.52e+11,1.52e+11,1.59e+11,1.56e+11,1.53e+11,1.53e+11,1.59e+11,1.64e+11,1.68e+11,1.69e+11,1.78e+11,1.88e+11,2.17e+11,2.33e+11,2.55e+11,2.71e+11,2.88e+11,3.07e+11,3.27e+11,3.54e+11,3.86e+11,4.06e+11,4.23e+11,4.47e+11,4.74e+11,4.88e+11,4.8e+11,4.84e+11,4.93e+11,5.04e+11,4.95e+11,5.11e+11,5.27e+11,5.42e+11
"Nigeria","NGA","Inflation, GDP deflator (annual %)",5.653664095,6.927769156,5.415452584,19.6694756,20.17712612,28.96967339,6.66894187,18.8639068,46.75235536,41.63905872,43.29646429,75.40165319,26.49108986,5.055345931,6.009344304,13.43057164,22.6737374,10.07647724,21.10905,9.804323777,22.36834147,19.85849477,23.86438113,7.099730993,7.921387202,0.686098875,16.34276633,9.778458097,9.947636706,4.964745716,4.662622917,2.863665123,9.543670064,11.11891808,10.22848509,10.3847792,7.849142047,10.13103369,11.31133494,12.62186923
"Nigeria","NGA","Services, value added (constant LCU)",5.35e+12,5.5e+12,5.67e+12,5.86e+12,6.15e+12,6.43e+12,6.85e+12,7.04e+12,7.28e+12,7.54e+12,7.69e+12,7.84e+12,8.03e+12,8.33e+12,8.71e+12,9.06e+12,9.37e+12,1.01e+13,1.12e+13,1.15e+13,1.38e+13,1.53e+13,1.71e+13,1.93e+13,2.19e+13,2.46e+13,2.77e+13,2.91e+13,3.02e+13,3.28e+13,3.5e+13,3.67e+13,3.64e+13,3.61e+13,3.67e+13,3.75e+13,3.67e+13,3.88e+13,4.14e+13,4.31e+13
"Nigeria","NGA","Services, value added (current US$)",37002590670,34895418798,26395895082,24005805864,21362250384,18633555492,22720651920,24503936565,21336359488,24021423995,34184091495,52111320795,65670918586,72976840227,92566712818,25780442451,30296027060,34000257703,37042502723,41000599075,58860824182,78496998902,1.16e+11,1.39e+11,1.66e+11,1.5e+11,1.86e+11,2.04e+11,2.33e+11,2.72e+11,3.11e+11,2.87e+11,2.42e+11,2.1e+11,2.19e+11,2.36e+11,2e+11,1.93e+11,2.08e+11,1.55e+11
"Nigeria","NGA","Industry (including construction), value added (% of GDP)",30.34592042,33.466601,32.83078352,32.88690102,32.61486597,35.39180717,35.41032677,36.96556598,37.70960823,33.17434249,31.31838955,36.54048982,37.44547872,35.2488501,28.70243973,29.36369327,33.82300329,28.27626627,23.04083719,26.0024149,28.39004006,28.20158345,25.7516356,24.34471784,24.7142489,21.23676148,25.31745224,28.27779989,27.0730175,25.74232124,24.64360859,20.1607829,18.17313173,22.31511719,25.73330658,27.38253705,28.22050552,31.40753404,30.77556872,32.5844117
"Nigeria","NGA","Industry (including construction), value added (current LCU)",50329983379,62860519634,65045384812,80467740055,1.03e+11,1.47e+11,1.75e+11,2.18e+11,3.42e+11,4.17e+11,5.54e+11,1.13e+12,1.53e+12,1.56e+12,1.38e+12,1.61e+12,2.39e+12,2.33e+12,2.65e+12,3.53e+12,5.15e+12,6.52e+12,7.82e+12,8.44e+12,9.87e+12,9.23e+12,1.38e+13,1.79e+13,1.96e+13,2.09e+13,2.22e+13,1.92e+13,1.86e+13,2.56e+13,3.32e+13,3.99e+13,4.35e+13,5.53e+13,6.23e+13,7.64e+13
"Nigeria","NGA","Manufacturing, value added (annual % growth)",-7.21383192,5.215496912,-9.155584749,17.3132535,15.13515988,-15.78907987,7.199353963,8.881799755,12.06044519,-17.5104704,-12.61793089,-13.8530158,3.181481683,2.047090474,-4.708426806,2.317623103,0.169258765,2.343558814,17.73139276,-10.8080365,-1.062389509,2.30296055,0.812821601,0.094977755,2.997200939,3.608052699,2.501885735,17.81540688,13.45925948,21.79709983,14.72376438,-1.460142491,-4.317635569,-0.211601998,2.094063378,0.766932571,-2.754936295,3.348365025,2.447368989,1.404622995
"Nigeria","NGA","Lending interest rate (%)",10.24166667,9.433333333,9.959166667,13.96166667,16.61666667,20.44166667,25.3,20.04166667,24.75833333,31.65,20.48333333,20.23333333,19.83666667,17.795,18.18416667,20.29,21.27416667,23.43833333,24.77083333,20.71416667,19.18083333,17.94833333,16.89333333,16.93916667,15.13583333,18.99083333,17.585,16.02,16.79166667,16.7225,16.54833333,16.84916667,16.86801576,17.55333333,16.90389696,15.37658698,13.64202167,11.48313279,12.33454424,14.01055373
"Nigeria","NGA","Consumer price index (2010 = 100)",0.765068757,0.821954257,0.868946627,0.967053504,1.494206213,2.248282603,2.413855134,2.727824622,3.944130052,6.198801969,9.734084664,16.82395412,21.74803826,23.60311856,25.96257554,27.68087574,29.60007172,35.18668454,39.71752584,45.29060312,52.0833031,61.38720049,66.43643372,70.01603406,78.1246436,87.91977683,100,110.8261372,124.3737916,134.93999,145.7991654,158.9348464,183.8825515,214.2273396,240.1383645,267.5055467,302.9393941,354.2962423,421.0711203,524.9053647
"Nigeria","NGA","Population in the largest city (% of urban population)",16.27007956,16.33663646,16.42683519,16.52928879,16.63747515,16.74548697,16.85832254,17.18937208,17.30469739,17.25840859,17.21223507,17.17097442,17.13716488,17.10552616,17.07824015,17.04811357,17.01034711,16.8272615,16.64621742,16.47022527,16.30151767,16.13870721,15.9496162,15.68055938,15.41967666,15.16637305,14.91974685,14.6824072,14.45929359,14.25356601,14.06855124,13.90504357,13.75564159,13.61165931,13.4801006,13.36828965,13.27417458,13.20364569,13.15571398,13.12551801
"Nigeria","NGA","Real interest rate (%)",4.342492625,2.343230572,4.310292249,-4.76964481,-2.962676482,-6.612412439,17.46624444,0.990847345,-14.98716799,-7.052474656,-15.92023297,-31.4525655,-5.260784137,12.12661189,11.48466906,6.047248344,-1.14088864,12.13870249,3.023542279,9.935713381,-2.604847057,-1.593680482,-5.627968048,9.18717123,6.684908634,18.18000167,1.067736065,5.685579859,6.224808614,11.20162222,11.35621302,13.59615325,6.686233623,5.790566865,6.055977158,4.522188496,5.371280211,1.22771853,0.919231895,1.233050487
"Nigeria","NGA","Population in urban agglomerations of more than 1 million (% of total population)",11.14083553,11.36435422,11.60998033,11.87072123,12.14177851,12.41899212,12.70656137,12.96306325,13.14057125,13.25281866,13.36715486,13.48800939,13.61800631,13.75184954,13.89214053,14.03376224,14.17275524,14.30863323,14.44600931,14.58746472,14.73501495,14.88733185,15.02407085,15.10528934,15.1883373,15.27156246,15.35563399,15.43947467,15.52916611,15.62846444,15.74250134,15.87367993,16.01398392,16.15486471,16.30464719,16.47126862,16.65154184,16.85184726,17.07070701,17.30194128
"Nigeria","NGA","Merchandise exports (current US$)",1.1856e+10,1.2548e+10,5.155e+09,7.365e+09,6.875e+09,1e+10,1.3596e+10,1.2264e+10,1.1886e+10,9.908e+09,9.415e+09,1.2342e+10,1.6153e+10,1.5207e+10,9.855e+09,1.3856e+10,2.0975e+10,1.8045e+10,1.7975e+10,2.4031e+10,3.8631e+10,5.0467e+10,5.8726e+10,6.6606e+10,8.6274e+10,5.6742e+10,8.4e+10,1.16e+11,1.15e+11,9.0555e+10,1.03e+11,5.0216e+10,3.3302e+10,4.4468e+10,6.0547e+10,6.2531e+10,3.5634e+10,4.6871e+10,6.3075e+10,5.789e+10
"Nigeria","NGA","Insurance and financial services (% of commercial service exports)",4.06626506,5.460992908,1.116173121,0.533333333,2.545454545,0.221456693,0.284348197,0.744651976,1.11874029,0.948985626,0.429026722,0.598816402,0.271643541,0.428865102,0.424309392,0.845715044,0.849758146,0.849941543,0.850115334,0.112966908,0.166021903,0.803822571,0.618290991,1.6333899,0.833073071,0.502285761,0.566327597,0.761649571,0.629595895,1.361726592,2.407877208,11.09734959,10.09939104,7.936024804,17.56426536,17.99606806,26.88773005,23.09410613,20.72009736,28.09719408
"Nigeria","NGA","Merchandise trade (% of GDP)",28.87689318,29.05249364,16.76645754,21.40821441,23.34815131,32.2409388,35.57456657,35.69818648,38.72782199,30.70464945,19.93541933,14.59269979,12.16333991,12.30169335,8.729205957,37.94736794,42.93100593,40.28258575,26.8499843,33.30566,38.88712434,40.54236291,35.75056133,36.45356548,40.12798818,30.7272153,34.94232929,41.49911431,35.71343758,28.17730418,28.10946778,19.25169637,17.0107868,20.15751444,24.55403419,24.82268879,16.51415593,22.40069544,26.1150183,28.61954821
"Nigeria","NGA","Urban population (% of total population)",24.872,25.635,26.414,27.209,28.019,28.842,29.68,30.176,30.677,31.182,31.691,32.205,32.725,33.247,33.773,34.304,34.84,35.669,36.508,37.356,38.212,39.074,39.943,40.819,41.702,42.588,43.48,44.366,45.246,46.118,46.982,47.838,48.683,49.519,50.344,51.157,51.958,52.746,53.521,54.283
"Nigeria","NGA","Rural population growth (annual %)",1.478593049,1.705133873,1.567009489,1.490855364,1.467830981,1.463701327,1.443949426,1.854354549,1.803622666,1.824628122,1.832448258,1.801880743,1.756877784,1.744019175,1.724933026,1.737600416,1.783643827,1.370849504,1.370118823,1.348166869,1.319629769,1.288777585,1.259335561,1.240271006,1.216410384,1.195941024,1.178500632,1.184058695,1.154878992,1.092078766,1.011624551,0.913464953,0.873816578,0.884811749,0.848864759,0.797385079,0.787064592,0.752530934,0.726336521,0.726850805
"Nigeria","NGA","Population, male (% of total population)",50.15835428,50.17308137,50.18111762,50.18950314,50.19994197,50.21223569,50.22530082,50.22939876,50.22797249,50.22981701,50.23548989,50.23938786,50.23730223,50.23761727,50.24453013,50.25373162,50.26241172,50.27300174,50.28342601,50.29068516,50.29736792,50.30274028,50.30923698,50.31956176,50.33320885,50.35003566,50.36658592,50.38242245,50.39737192,50.41085471,50.42372236,50.43780432,50.45504238,50.47287899,50.48960086,50.50593717,50.51816106,50.52780858,50.5388137,50.54984295
"Nigeria","NGA","Population, total",81337553,83585251,85804185,88044187,90351467,92744064,95214257,97685360,100182045,102775465,105456121,108187610,110956183,113791181,116690527,119695565,122851984,126152678,129583026,133119801,136756848,140490722,144329764,148294028,152382506,156595758,160952853,165463745,170075932,174726123,179379016,183995785,188666931,193495907,198387623,203304492,208327405,213401323,218541212,223804632
"Nigeria","NGA","Age dependency ratio, young (% of working-age population)",86.08711891,86.52893879,86.81396283,86.88140826,86.74287248,86.44253529,85.99168103,85.49371912,84.9601662,84.33604726,83.69265548,83.10761954,82.58290099,82.06814492,81.56884046,81.20707077,81.06944145,81.11556069,81.30998649,81.61295504,81.93660372,82.29222791,82.69926713,83.09851963,83.48539161,83.83446404,84.09628184,84.27808188,84.40250481,84.45012212,84.36668765,84.15035996,83.79690861,83.2751529,82.66635488,82.03105437,81.31864863,80.55861736,79.74043939,78.82217247
"Nigeria","NGA","Population ages 80 and above, male (% of male population)",0.276596076,0.275659162,0.274844113,0.274275641,0.273942697,0.273635594,0.273080306,0.272052761,0.270423483,0.268637055,0.266944345,0.265176805,0.263519605,0.262267882,0.261698638,0.261781556,0.262359154,0.263189938,0.263833954,0.264411206,0.265144651,0.266096195,0.267325828,0.268561473,0.269758387,0.271182995,0.27282801,0.274693795,0.276759402,0.278936081,0.281276606,0.283720105,0.28634345,0.289117303,0.292012332,0.294917244,0.294323601,0.289503987,0.288791201,0.292987299
"Nigeria","NGA","Population ages 70-74, male (% of male population)",0.8653749,0.867138634,0.870094671,0.874130485,0.878416596,0.88162331,0.883013293,0.882993743,0.881451123,0.878601295,0.874882992,0.870574397,0.866044908,0.861471311,0.857499224,0.854320519,0.851895369,0.850102855,0.84847269,0.847297394,0.846739399,0.846730172,0.847677045,0.849491847,0.851613389,0.853403248,0.854539633,0.855225283,0.8558861,0.857244562,0.85994432,0.863618904,0.866656519,0.866651029,0.859290648,0.843894546,0.826940092,0.811533659,0.803296034,0.806029967
"Nigeria","NGA","Population ages 65 and above, male (% of male population)",2.983571721,2.987469638,2.990788004,2.99338021,2.994891557,2.995331527,2.993564818,2.98969655,2.983004004,2.973612353,2.96164055,2.947517343,2.93340711,2.920303401,2.910211214,2.90343277,2.899152665,2.896757547,2.894908162,2.893979643,2.893479321,2.89336879,2.894750966,2.896782764,2.899688184,2.904513107,2.910166673,2.914964219,2.916829612,2.909307885,2.891171067,2.876276647,2.868954401,2.862917177,2.859717064,2.860070612,2.850017617,2.824823696,2.816306457,2.828528013
"Nigeria","NGA","Population ages 65-69, male (% of male population)",1.367043161,1.369324081,1.370383837,1.370182207,1.368543857,1.366070339,1.362875478,1.359227464,1.354751589,1.3492193,1.34281212,1.33612729,1.330203559,1.325213049,1.321666344,1.319338944,1.317633172,1.316698659,1.316613705,1.317116292,1.31704841,1.316211976,1.31503881,1.313339749,1.312034613,1.312352854,1.313696251,1.314024708,1.31060226,1.296654082,1.270750553,1.247317529,1.232126383,1.221346422,1.220283081,1.229994332,1.236331964,1.234447166,1.237024945,1.244969959
"Nigeria","NGA","Population ages 55-59, male (% of male population)",2.476460735,2.466695725,2.458923618,2.453219036,2.449243997,2.446225422,2.443430064,2.441863453,2.442117291,2.442697696,2.441028527,2.436817736,2.431100866,2.424595097,2.419536608,2.417129751,2.416066225,2.412871657,2.402032954,2.371566792,2.318896267,2.268900512,2.232538414,2.203735684,2.191456707,2.198343669,2.205293752,2.205335433,2.20591025,2.207053168,2.208205462,2.210142892,2.213556751,2.218731771,2.225201769,2.232223677,2.237138439,2.238563366,2.24146516,2.248207386
"Nigeria","NGA","Population ages 45-49, male (% of male population)",3.793350184,3.7863373,3.778274532,3.769774702,3.763434975,3.761358299,3.762439424,3.760901803,3.748043784,3.704808166,3.62610248,3.550186464,3.494556518,3.451241576,3.435239891,3.449201485,3.461194226,3.460316115,3.458331801,3.454981309,3.449913822,3.444237949,3.439301921,3.436399649,3.43414883,3.431617072,3.428494497,3.4239162,3.418170703,3.414236125,3.415177939,3.42289058,3.440865501,3.46936207,3.506051842,3.552041487,3.606290418,3.661063131,3.715502706,3.771758576
"Nigeria","NGA","Population ages 35-39, male (% of male population)",5.249828801,5.134554871,5.049258726,4.983619148,4.960500213,4.984266474,5.008900049,5.014368278,5.017933487,5.021417588,5.023012276,5.023635124,5.025018795,5.030846319,5.039132547,5.045132924,5.045788294,5.040982849,5.03169446,5.02119965,5.015230407,5.016209444,5.028946429,5.05535751,5.091568625,5.139529521,5.199480379,5.261598765,5.322555994,5.384830056,5.437869544,5.472780781,5.494440813,5.50478841,5.502069538,5.485131944,5.456807108,5.418771108,5.372553751,5.324242113
"Nigeria","NGA","Population ages 25-29, male (% of male population)",6.995841763,6.987053875,6.979591487,6.981702809,6.993596612,7.009017194,7.025073812,7.031480919,7.029713852,7.031678217,7.043056164,7.06523674,7.103827607,7.164425666,7.241202534,7.331322438,7.430167852,7.525879055,7.615656065,7.700721886,7.768678665,7.806454851,7.819303035,7.812212997,7.783906664,7.734656691,7.668541674,7.590078132,7.503675604,7.416162445,7.34355452,7.292219919,7.261499341,7.257032655,7.2713621,7.293415766,7.326513167,7.368156472,7.404186942,7.432109675
"Nigeria","NGA","Population ages 15-64 (% of total population)",52.01642378,51.89271969,51.81338155,51.79466192,51.83288668,51.91630403,52.0429249,52.18438542,52.33796036,52.51928976,52.70893759,52.88444468,53.04340588,53.20011949,53.35273337,53.46455964,53.50926507,53.49887121,53.44431474,53.35733958,53.26456944,53.1628569,53.04602052,52.93176,52.82158275,52.72194587,52.64707966,52.59562101,52.56190791,52.55421523,52.58942397,52.66017222,52.76534153,52.91885774,53.0969166,53.28204025,53.49558224,53.73234648,53.98090305,54.25181839
"Nigeria","NGA","Population ages 15-64, female (% of female population)",52.13690255,52.01548734,51.94186165,51.92682248,51.96386179,52.04296372,52.1627217,52.30242329,52.45840244,52.64087131,52.83051373,53.00661515,53.16788177,53.32541283,53.47852224,53.59305001,53.64358318,53.63915569,53.58801361,53.50369537,53.41232301,53.31236175,53.19694121,53.08009372,52.96526685,52.86011643,52.77934302,52.72156871,52.68056675,52.66270547,52.68757879,52.74690118,52.83797421,52.97855063,53.14451537,53.31767697,53.51881392,53.74295982,53.97981462,54.23930236
"Nigeria","NGA","Population ages 10-14, male (% of male population)",11.71935256,11.88090176,12.05464827,12.22606706,12.39386623,12.53272022,12.62486317,12.68833189,12.72106343,12.71430857,12.66856598,12.58880201,12.48310647,12.35690571,12.22205153,12.10619604,12.02115385,11.95974582,11.92609706,11.92021104,11.92899348,11.94651386,11.97004751,11.98441919,11.98250087,11.98652442,12.01807433,12.07438633,12.15669064,12.26200297,12.36267584,12.44674685,12.51707444,12.56950812,12.61831776,12.6689367,12.7057523,12.72876637,12.73189204,12.69763942
"Nigeria","NGA","Population ages 0-14 (% of total population)",44.77943998,44.90221965,44.98124972,44.99993111,44.96133527,44.87776951,44.75258545,44.61437182,44.46641811,44.29269254,44.11351002,43.951003,43.80478418,43.66035116,43.51920596,43.4170032,43.37966265,43.39590935,43.4555651,43.54650156,43.64317882,43.74890002,43.86867028,43.98550898,44.09830548,44.19916101,44.27423649,44.32658029,44.36356681,44.38209894,44.3679551,44.31372448,44.21572454,44.06825966,43.89328576,43.70781941,43.50188455,43.2860354,43.04460946,42.7624619
"Nigeria","NGA","Population ages 0-14, female (% of female population)",44.43699514,44.5603493,44.63662867,44.65413049,44.6177803,44.53871945,44.41995434,44.28283765,44.13141078,43.95472558,43.77397861,43.60970934,43.45982248,43.31373826,43.17342632,43.07131517,43.03118879,43.04487406,43.10431446,43.19560198,43.29427434,43.40214665,43.52481958,43.64883484,43.77177691,43.88415166,43.97096667,44.03528806,44.08468567,44.11667265,44.11576158,44.07452191,43.99035737,43.85573764,43.69263818,43.51904489,43.32294308,43.11528202,42.88407051,42.61429057
"Nigeria","NGA","Agriculture, forestry, and fishing, value added (constant LCU)",2.3e+12,2.73e+12,2.99e+12,2.89e+12,3.17e+12,3.33e+12,3.46e+12,3.59e+12,3.67e+12,3.74e+12,3.84e+12,3.98e+12,4.13e+12,4.31e+12,4.48e+12,4.7e+12,4.84e+12,5.02e+12,7.82e+12,8.36e+12,8.89e+12,9.52e+12,1.02e+13,1.1e+13,1.16e+13,1.23e+13,1.3e+13,1.34e+13,1.43e+13,1.48e+13,1.54e+13,1.6e+13,1.66e+13,1.72e+13,1.75e+13,1.8e+13,1.83e+13,1.87e+13,1.91e+13,1.93e+13
"Nigeria","NGA","Agriculture, forestry, and fishing, value added (current US$)",13453781566,13442122772,9876247647,10826036145,11603666170,9361914097,11648098318,12432347682,10578825841,13324416194,20239677009,35915528050,48659760391,55066452836,60956404441,15394567925,14773113833,18003542236,35136811599,35430109480,36969352257,45831191840,58981822707,68626296199,85818756596,78911484158,87687604312,92155467757,1.01e+11,1.08e+11,1.15e+11,1.02e+11,84907969885,78330102219,89424636579,1.04e+11,1.04e+11,1.03e+11,1.12e+11,82449472969
"Nigeria","NGA","Mobile cellular subscriptions",0,0,0,0,0,0,0,0,0,9049,12800,13000,14000,15000,20000,25000,30000,266461,1570000,3150000,9150000,18600000,32300000,40400000,6.3e+07,74500000,87300000,95200000,1.13e+08,1.27e+08,1.39e+08,1.51e+08,1.54e+08,1.45e+08,1.73e+08,1.85e+08,2.04e+08,1.95e+08,2.22e+08,2.24e+08
"Nigeria","NGA","Deposit interest rate (%)",8.254166667,9.116666666,9.235,13.0875,12.95,14.675,19.78333333,14.91666667,18.04166667,23.24166667,13.09166667,13.53083333,13.05916667,7.169166667,10.10833333,12.81083333,11.69083333,15.25583333,16.67,14.2175,13.69833961,10.5325,9.751666667,10.28833333,11.8675,12.95833333,6.520833333,5.6925,8.405,7.945,9.3375,9.148333333,7.495200934,9.554486104,9.700712082,8.900516803,4.646627486,4.206848026,5.963357489,7.838559685
"Nigeria","NGA","Population in largest city",3291482,3500464,3723030,3959747,4211873,4479291,4764093,5067003,5318226,5530879,5752346,5982680,6222575,6471389,6730516,7000018,7280706,7571830,7875021,8190352,8518770,8859399,9194896,9491778,9798673,10114606,10441182,10778303,11126796,11485551,11856391,12239206,12634381,13042316,13463421,13903620,14368332,14862111,15387639,15945912
"Nigeria","NGA","Real effective exchange rate index (2010 = 100)",536.9174734,482.7646644,263.7890144,84.00097442,85.30797252,76.29852923,71.0597212,60.10154031,49.77689797,54.44044012,100.6320662,160.1798358,207.5130526,236.0335393,273.0128819,69.19800629,70.1619778,78.18293968,78.42039409,73.6728749,75.31778378,86.26767849,91.44098027,90.53016001,99.56173783,92.64217981,100,100.5039205,110.4984136,117.546676,124.8406014,119.8622368,110.8598197,101.4467831,109.9015762,124.1877045,119.5106693,117.0303921,133.2010145,115.6370603
"Nigeria","NGA","Taxes less subsidies on products (current LCU)",1644183922,1854368473,1953976306,2418568582,3113479307,4092817196,4877191064,5809897600,8911979400,12375924700,17511572000,30803330100,40743592000,44212277500,48450711200,55883666400,72131911100,84477617800,1.18e+11,1.39e+11,1.86e+11,2.37e+11,3.11e+11,3.57e+11,4.12e+11,4.49e+11,8.57e+11,7.33e+11,8.86e+11,9.17e+11,1.09e+12,1.03e+12,1.09e+12,1.19e+12,1.35e+12,1.43e+12,1.93e+12,2.55e+12,3.03e+12,4.51e+12
"Nigeria","NGA","GDP per capita (current LCU)",2039.085187,2247.174044,2309.01508,2779.06155,3493.195374,4473.179654,5195.058876,6040.411134,9043.829068,12232.24683,16772.77213,28656.10113,36825.93522,38831.73291,41178.63325,45802.48501,57489.92274,65274.02993,88757.384,101840.3993,132527.6232,164579.4019,210456.7892,233832.3681,262196.8422,277539.1823,339305.9716,381562.347,425406.766,463639.6849,502494.5875,517282.1523,543685.1996,593807.1336,650680.2466,716359.6729,740432.2005,825090.9572,925981.0767,1047457.829
"Nigeria","NGA","Gross value added at basic prices (GVA) (current US$)",72755877501,73017761292,54265333546,52155359783,49158698644,43568948126,53503001958,58940715117,51546121759,56162676044,79603632523,1.4e+11,1.84e+11,1.99e+11,2.16e+11,58542189383,68465003254,72803210655,94080565363,1.04e+11,1.34e+11,1.74e+11,2.36e+11,2.75e+11,3.36e+11,2.92e+11,3.67e+11,4.13e+11,4.6e+11,5.14e+11,5.67e+11,4.88e+11,4e+11,3.72e+11,4.17e+11,4.7e+11,4.27e+11,4.34e+11,4.66e+11,3.56e+11
"Nigeria","NGA","GDP deflator (base year varies by country)",1.023065662,1.09394129,1.153183162,1.380008242,1.658454246,2.138903024,2.281545223,2.711933788,3.979826709,5.63698909,8.077606058,14.16825456,17.92157961,18.82757746,19.95899141,22.63959805,27.77284106,30.57136507,37.02468981,40.65471028,49.7484947,59.62779691,73.85760163,79.10129266,85.36721233,85.95291582,100,109.7784581,120.6988203,126.6912098,132.5983432,136.3955157,149.4126537,166.0257243,183.0076407,202.0125801,217.8688345,239.9411995,267.0817522,300.7924617
"Nigeria","NGA","Services, value added (constant 2015 US$)",41787658298,42924381027,44292538231,45757533120,48014721593,50217970794,53477621137,54947650575,56861225523,58897143385,60000895862,61184850933,62715028006,64999476611,68024777369,70748516530,73118649565,78521433194,87459868679,89693116957,1.08e+11,1.19e+11,1.34e+11,1.51e+11,1.71e+11,1.92e+11,2.17e+11,2.27e+11,2.36e+11,2.56e+11,2.73e+11,2.87e+11,2.84e+11,2.82e+11,2.87e+11,2.93e+11,2.87e+11,3.03e+11,3.23e+11,3.36e+11
"Nigeria","NGA","Industry (including construction), value added (annual % growth)",1.653214313,4.480937812,-4.798684914,5.412874051,8.130455938,-0.75648233,18.05892665,-2.130733055,6.126336337,-6.811273434,-5.918361876,-3.011545211,5.649150755,1.898747761,0.392129712,-4.129692364,7.459762163,5.595922787,1.288056313,12.15991115,1.761325756,1.695438508,-1.963958171,-1.927704551,-2.044134802,2.505581764,5.232441293,8.391087026,2.427698056,2.162884979,6.757157835,-2.242820821,-8.850374308,2.145933588,1.871257833,2.312111006,-5.846939827,-0.467720256,-4.623763192,0.724750932
"Nigeria","NGA","Manufacturing, value added (% of GDP)",17.73635842,21.05450311,21.009999,18.78351295,21.0196417,18.35403221,17.78259534,19.49458715,17.65449303,18.37625,20.92708023,19.99371557,19.10108021,19.19853144,17.45056588,16.25736913,13.93340041,13.9253596,11.81181308,12.06060684,10.86156992,10.06108332,8.852872608,8.401379657,8.168912972,7.838411937,6.552816976,7.171084296,7.724546672,8.928929322,9.635811603,9.428437322,8.679697782,8.741993492,9.648947481,11.5223587,12.66726516,14.61070297,13.59351333,15.36379909
"Nigeria","NGA","Manufacturing, value added (current LCU)",29416495275,39546800890,41625673314,45959539820,66341210785,76143695878,87960482390,1.15e+11,1.6e+11,2.31e+11,3.7e+11,6.2e+11,7.8e+11,8.48e+11,8.39e+11,8.91e+11,9.84e+11,1.15e+12,1.36e+12,1.64e+12,1.97e+12,2.33e+12,2.69e+12,2.91e+12,3.26e+12,3.41e+12,3.58e+12,4.53e+12,5.59e+12,7.23e+12,8.69e+12,8.97e+12,8.9e+12,1e+13,1.25e+13,1.68e+13,1.95e+13,2.57e+13,2.75e+13,3.6e+13
"Nigeria","NGA","Agriculture, forestry, and fishing, value added (constant 2015 US$)",14688505641,17414860923,19045819497,18439003915,20242910659,21208195248,22093069135,22897291916,23432640911,23871815551,24484029480,25362127044,26357935093,27455546303,28536771747,29993199184,30868880203,32039436324,49846329391,53339090368,56678772984,60685936733,65184514184,69877645856,74257736125,78625409403,83207416922,85633619287,91374632954,94058013461,98074410407,1.02e+11,1.06e+11,1.1e+11,1.12e+11,1.15e+11,1.17e+11,1.19e+11,1.22e+11,1.23e+11
"Nigeria","NGA","Interest rate spread (lending rate minus deposit rate, %)",1.9875,0.316666667,0.724166667,0.874166667,3.666666667,5.766666667,5.516666667,5.125,6.716666667,8.408333333,7.391666667,6.7025,6.7775,10.62583333,8.075833333,7.479166667,9.583333333,8.1825,8.100833333,6.496666667,5.482493721,7.415833333,7.141666667,6.650833333,3.268333333,6.0325,11.06416667,10.3275,8.386666667,8.7775,7.210833333,7.700833333,9.37281483,7.998847229,7.203184882,6.476070178,8.995394186,7.276284768,6.371186746,6.17199405
"Nigeria","NGA","Inflation, consumer prices (annual %)",17.82053329,7.435344828,5.717151454,11.29032258,54.51122478,50.46668812,7.364400306,13.0069731,44.58884272,57.16525283,57.03170891,72.8355023,29.26829268,8.529874214,9.996378124,6.618373395,6.933292156,18.87364621,12.8765792,14.03178361,14.99803382,17.86349337,8.22522152,5.388007969,11.58107517,12.53782773,13.74005214,10.82613719,12.2242413,8.495518383,8.04741088,9.00943498,15.69681264,16.50226621,12.09510652,11.39642234,13.24602343,16.95284572,18.84718778,24.6595502
"Nigeria","NGA","Population in urban agglomerations of more than 1 million",9061683,9498924,9961849,10451480,10970275,11517878,12098458,12663015,13164493,13620646,14096483,14592355,15110020,15648392,16210812,16797791,17411511,18050724,18719576,19418804,20151142,20915320,21684206,22400242,23144369,23914619,24715331,25546733,26411374,27307010,28238744,29206902,30213092,31259002,32346402,33486829,34689725,35962065,37306530,38722546
"Nigeria","NGA","Personal remittances, received (% of GDP)",0.015977907,0.013654548,0.007279676,0.005199742,0.004883388,0.023143085,0.018522056,0.110109526,0.1084333,1.398341543,0.683924565,0.17743642,0.159687158,0.291629201,0.205363349,2.199769858,2.012139458,1.585982673,1.271864239,1.014733054,1.674024233,8.333828661,7.100771332,6.473936594,5.655763121,6.227202277,5.380182735,4.974289528,4.427622341,3.998536242,3.657206305,4.18355591,4.867905742,5.864874837,5.764467578,5.017577194,3.981395456,4.419618592,4.258689514,5.388297608
"Nigeria","NGA","Secondary education, duration (years)",7,7,6,6,6,6,6,6,6,6,6,6,6,6,6,6,6,6,6,6,6,6,6,6,6,6,6,6,6,6,6,6,6,6,6,6,6,6,6,6
"Nigeria","NGA","Primary education, duration (years)",6,6,6,6,6,6,6,6,6,6,6,6,6,6,6,6,6,6,6,6,6,6,6,6,6,6,6,6,6,6,6,6,6,6,6,6,6,6,6,6
"Nigeria","NGA","Merchandise imports (current US$)",9.364e+09,8.877e+09,4.034e+09,3.912e+09,4.717e+09,4.187e+09,5.627e+09,8.986e+09,8.275e+09,7.508e+09,6.613e+09,8.222e+09,6.438e+09,9.501e+09,9.211e+09,8.588e+09,8.721e+09,1.1586e+10,7.547e+09,1.0853e+10,1.4164e+10,2.0754e+10,2.6523e+10,3.483e+10,4.9951e+10,3.3906e+10,4.4235e+10,5.6e+10,5.1e+10,5.6e+10,5.83e+10,4.47e+10,3.5532e+10,3.1273e+10,4.3007e+10,5.5257e+10,3.574e+10,5.188e+10,6.0351e+10,4.5946e+10
"Nigeria","NGA","Urban population",20230276,21427079,22664317,23955943,25315578,26749243,28259591,29477534,30732846,32047445,33420099,34841820,36310411,37832154,39409892,41060367,42801631,44997399,47308171,49728233,52257527,54895345,57649638,60532139,63546553,66691001,69982300,73409645,76952556,80580193,84275849,88019904,91848722,95817238,99876265,104004479,108242753,112560662,116965442,121487868
"Nigeria","NGA","Rural population",61107277,62158172,63139868,64088244,65035889,65994821,66954666,68207826,69449199,70728020,72036022,73345790,74645772,75959027,77280635,78635198,80050353,81155279,82274855,83391568,84499321,85595377,86680126,87761889,88835953,89904757,90970553,92054100,93123376,94145930,95103167,95975881,96818209,97678669,98511358,99300013,100084652,100840661,101575770,102316764
"Nigeria","NGA","Population, male",40797578,41937296,43057499,44188940,45356384,46568868,47821647,49066769,50319410,51623928,52976399,54352793,55741393,57165978,58630607,60151488,61748370,63420738,65158785,66946860,68785095,70670683,72611203,74620905,76699005,78846020,81066457,83364643,85713800,88080932,90449577,92803434,95191980,97662955,100165119,102680839,105243174,107827012,110448136,113132890
"Nigeria","NGA","Age dependency ratio, old (% of working-age population)",6.15985493,6.17632046,6.186373446,6.188680986,6.184835108,6.175181399,6.157397306,6.134484897,6.105743343,6.070184336,6.028487895,5.983900876,5.941944821,5.901358514,5.862980296,5.832718322,5.814081447,5.804270213,5.800655435,5.802686682,5.805457127,5.809023892,5.816287144,5.823972259,5.831160788,5.839869998,5.847776467,5.851815519,5.849341611,5.829571497,5.785613223,5.746474879,5.72143354,5.693401129,5.668497961,5.649446916,5.612675518,5.549019445,5.510258834,5.503446348
"Nigeria","NGA","Population ages 80 and above, female (% of female population)",0.367759235,0.366866757,0.365941818,0.36531091,0.365436593,0.365891246,0.366254363,0.366187086,0.365581358,0.364938207,0.36405585,0.362822821,0.361823348,0.360933809,0.359677551,0.358380728,0.35746249,0.356592665,0.355581998,0.354576959,0.353544658,0.352568554,0.351761099,0.350883725,0.349598655,0.348371596,0.347536014,0.347030588,0.346896759,0.347074079,0.347641908,0.34839874,0.349205318,0.350396177,0.352071047,0.353882503,0.35406531,0.350913494,0.349947025,0.352885926
"Nigeria","NGA","Population ages 70-74, female (% of female population)",0.989392581,0.989052175,0.98978667,0.991839141,0.994919812,0.997424028,0.99849007,0.998312569,0.996885734,0.99455859,0.991250478,0.987192926,0.98311341,0.978856544,0.974195271,0.969677455,0.96589295,0.962540757,0.959360949,0.956635741,0.954238307,0.952070515,0.950727379,0.950275985,0.94971955,0.948536971,0.946715622,0.944364155,0.941974777,0.940368976,0.940319094,0.941393105,0.941809534,0.939756087,0.932685951,0.917507939,0.90345875,0.894906157,0.891564515,0.896356185
"Nigeria","NGA","Population ages 65 and above, male",1217225,1252864,1287759,1322743,1358375,1394892,1431572,1466947,1501030,1535095,1568971,1602058,1635122,1669420,1706275,1746458,1790180,1837145,1886287,1937429,1990282,2044763,2101913,2161606,2224032,2290093,2359169,2430050,2500126,2562546,2615052,2669284,2731015,2796010,2864439,2936744,2999449,3045923,3110558,3199995
"Nigeria","NGA","Population ages 65-69, female (% of female population)",1.499128965,1.498492561,1.49677685,1.494200928,1.491201811,1.488097636,1.484858098,1.481394242,1.477480066,1.473199148,1.468180401,1.462779203,1.458158235,1.454092813,1.450191445,1.446577945,1.443309065,1.440640901,1.439040647,1.438148271,1.436458476,1.433588439,1.429900403,1.425293852,1.420475391,1.41696878,1.414571244,1.411363776,1.405099633,1.391466715,1.366030762,1.345439056,1.337069436,1.331893648,1.333739153,1.345925601,1.353947149,1.351422519,1.35225684,1.357421036
"Nigeria","NGA","Population ages 55-59, female (% of female population)",2.559367668,2.549603006,2.542080104,2.536552839,2.532665597,2.529531223,2.526584868,2.525239805,2.526273406,2.528063844,2.527706773,2.524708151,2.520030435,2.513965403,2.508204433,2.504216288,2.501247308,2.496241906,2.484691321,2.459101088,2.411602526,2.370078183,2.34844992,2.331939951,2.326118623,2.337991831,2.345975123,2.340634586,2.336141779,2.332594533,2.329505293,2.327500594,2.326718524,2.32735187,2.329187198,2.331719672,2.333202167,2.332446217,2.332886265,2.336758657
"Nigeria","NGA","Population ages 45-49, female (% of female population)",3.781833903,3.774478288,3.766238159,3.757174184,3.749608554,3.745582369,3.744359128,3.741643847,3.730253087,3.698033587,3.63242298,3.574812036,3.546535299,3.526584298,3.524014471,3.548130345,3.564434012,3.558530893,3.55192083,3.544494143,3.535643722,3.526168207,3.517065802,3.509274994,3.501577599,3.493488988,3.484951887,3.47532238,3.465368226,3.45806149,3.456233411,3.461598459,3.477561063,3.504365075,3.539652158,3.584684028,3.638527912,3.693325583,3.747949163,3.804848865
"Nigeria","NGA","Population ages 35-39, female (% of female population)",5.192558767,5.104466775,5.060029683,5.029576108,5.026336933,5.063966594,5.093517798,5.092419329,5.09114786,5.089874475,5.086466492,5.081797762,5.077779025,5.076908996,5.077407056,5.075911999,5.070347394,5.060480274,5.047298967,5.034568473,5.027122112,5.027096197,5.039348147,5.0651436,5.100827095,5.148691371,5.208982576,5.271395596,5.332905203,5.396714369,5.452521153,5.490938629,5.515545015,5.528048953,5.527007306,5.511278275,5.4835104,5.445468694,5.397846254,5.345552008
"Nigeria","NGA","Population ages 25-29, female (% of female population)",7.082049349,7.067182615,7.055189027,7.050639882,7.052020472,7.054883968,7.057490683,7.054475386,7.047029233,7.043312374,7.048241347,7.063962037,7.09753951,7.152948371,7.224815266,7.311841322,7.409999513,7.50585814,7.596051579,7.684081985,7.757240774,7.802133337,7.821687137,7.81905833,7.794624272,7.748764475,7.685718383,7.609745139,7.523382099,7.432047744,7.352371764,7.291861065,7.25209206,7.239395589,7.245430705,7.25978964,7.28652187,7.322735048,7.35513769,7.381391934
"Nigeria","NGA","Population ages 15-64, total",42308886,43374660,44458050,45602189,46831774,48149290,49552284,50976505,52433239,53976944,55584801,57214417,58854939,60537044,62257586,63994707,65737194,67490259,69254760,71029184,72842946,74688882,76561196,78494639,80490852,82560331,84736977,87026684,89395155,91825943,94334391,96892497,99550750,102395824,105337711,108324781,111445958,114665538,117970520,121418082
"Nigeria","NGA","Population ages 15-64, female",21136287,21663386,22203424,22772636,23381183,24030940,24721275,25428701,26157142,26926615,27725307,28536014,29356534,30195623,31049588,31911488,32778168,33648884,34523670,35404968,36305292,37222711,38152081,39105763,40085968,41098601,42163515,43283935,44442449,45629702,46854768,48101139,49390271,50770909,52199874,53650194,55169458,56738759,58348442,60027581
"Nigeria","NGA","Population ages 10-14, female (% of female population)",11.58999496,11.74442193,11.90960511,12.07454848,12.24098517,12.38350672,12.48257495,12.54952259,12.58338421,12.57971694,12.53863719,12.46334609,12.36045009,12.2353717,12.09813575,11.97479706,11.87814194,11.80562706,11.76160945,11.74423026,11.74268237,11.75268401,11.77160532,11.78488516,11.78534878,11.79308877,11.8248799,11.87696838,11.9546446,12.05648729,12.15508279,12.2398002,12.31376468,12.37144349,12.42504155,12.47916885,12.52013032,12.54986796,12.56242178,12.54138709
"Nigeria","NGA","Population ages 0-14, total",36422501,37531633,38595795,39619824,40623226,41621467,42610842,43581710,44547367,45522021,46520396,47549540,48604116,49681629,50782791,51968227,53292776,54745102,56311036,57969016,59685036,61463145,63315548,65227883,67198103,69214011,71260647,73344420,75451750,77547121,79586801,81535385,83420451,85270279,87078846,88859960,90626347,92372972,94070211,95704370
"Nigeria","NGA","Population ages 0-14, female",18014746,18558474,19080679,19583179,20075808,20565841,21051775,21529691,22005084,22483518,22972463,23477207,23996249,24526492,25066457,25646418,26293611,27002885,27769627,28583800,29427877,30303395,31215374,32157460,33128013,34119813,35126821,36152577,37190781,38224976,39231899,40192593,41119965,42028248,42916003,43790452,44659123,45518662,46354710,47161978
"Nigeria","NGA","Refugee population by country or territory of asylum",4570,5880,4760,5100,5173,3781,3571,3573,4782,4819,6025,8118,8486,9071,6782,6942,7271,7201,7353,9173,8395,9017,8761,8463,10127,9129,8744,8803,3151,1688,1237,1387,1357,1910,34727,54157,66056,77132,91275,69940
"Nigeria","NGA","Taxes less subsidies on products (current US$)",728482021,728059863.8,540519033.5,520682148.9,489771795.9,434112982.2,532793430.6,586118295.1,512060094.6,558375358.7,795980545.5,1400151368,1851981455,2009648977,2202305055,602887657.5,706448372.8,754629409,973493939.6,1073588254,1390893501,1800496842,2443148924,2867015836,3498780308,3047402761,5759556047,4811747375,5679730768,5890092020,6964898585,5349840934,4283862027,3883762302,4410839091,4654779895,5402750509,6379007843,7074205930,6984617709
"Nigeria","NGA","GDP per capita (constant LCU)",199311.2722,205419.986,200229.6909,201380.069,210629.5898,209134.2901,227699.1411,222734.4621,227241.7803,216999.6541,207645.3347,202255.6907,205483.7577,206249.2267,206316.2031,202311.3878,207000.5104,213513.6255,239724.8551,250500.861,266395.2427,276011.2069,284949.3953,295611.3108,307139.9839,322896.7623,339305.9716,347574.8827,352453.1267,365960.4212,378959.9293,379251.583,363881.6299,357659.7158,355548.1313,354611.417,339852.2796,343872.1483,346703.2356,348232.7392
"Nigeria","NGA","GDP per capita (current US$)",903.4493516,882.2827027,638.7316957,598.2909687,549.5037556,474.4569001,567.5179022,609.3731283,519.6358475,551.8929192,762.3987332,1302.550052,1673.906146,1765.078768,1871.756057,494.1292273,563.0470862,583.0858388,733.5378887,786.8022148,992.7453991,1250.406913,1652.154002,1876.413033,2227.790349,1883.887783,2280.111289,2504.879101,2728.022788,2976.756832,3200.952799,2679.554223,2144.780344,1941.879479,2125.834491,2334.023642,2074.613748,2065.77441,2162.633732,1621.123515
"Nigeria","NGA","GDP (constant LCU)",1.62e+13,1.72e+13,1.72e+13,1.77e+13,1.9e+13,1.94e+13,2.17e+13,2.18e+13,2.28e+13,2.23e+13,2.19e+13,2.19e+13,2.28e+13,2.35e+13,2.41e+13,2.42e+13,2.54e+13,2.69e+13,3.11e+13,3.33e+13,3.64e+13,3.88e+13,4.11e+13,4.38e+13,4.68e+13,5.06e+13,5.46e+13,5.75e+13,5.99e+13,6.39e+13,6.8e+13,6.98e+13,6.87e+13,6.92e+13,7.05e+13,7.21e+13,7.08e+13,7.34e+13,7.58e+13,7.79e+13
"Nigeria","NGA","GDP (current LCU)",1.66e+11,1.88e+11,1.98e+11,2.45e+11,3.16e+11,4.15e+11,4.95e+11,5.9e+11,9.06e+11,1.26e+12,1.77e+12,3.1e+12,4.09e+12,4.42e+12,4.81e+12,5.48e+12,7.06e+12,8.23e+12,1.15e+13,1.36e+13,1.81e+13,2.31e+13,3.04e+13,3.47e+13,4e+13,4.35e+13,5.46e+13,6.31e+13,7.24e+13,8.1e+13,9.01e+13,9.52e+13,1.03e+14,1.15e+14,1.29e+14,1.46e+14,1.54e+14,1.76e+14,2.02e+14,2.34e+14
"Nigeria","NGA","Gross value added at basic prices (GVA) (constant LCU)",1.6e+13,1.7e+13,1.7e+13,1.76e+13,1.88e+13,1.92e+13,2.15e+13,2.15e+13,2.25e+13,2.21e+13,2.17e+13,2.17e+13,2.26e+13,2.32e+13,2.38e+13,2.4e+13,2.52e+13,2.67e+13,3.07e+13,3.3e+13,3.61e+13,3.84e+13,4.07e+13,4.34e+13,4.63e+13,5e+13,5.46e+13,5.75e+13,5.99e+13,6.32e+13,6.72e+13,6.9e+13,6.79e+13,6.85e+13,6.98e+13,7.14e+13,7e+13,7.24e+13,7.46e+13,7.67e+13
"Nigeria","NGA","Services, value added (% of GDP)",50.35437597,47.31850327,48.16254805,45.57253162,43.02700606,42.34604371,42.04740905,41.16452222,40.98560251,42.35010353,42.51773136,36.97942326,35.35822694,36.33392868,42.38088225,43.58848402,43.79845492,46.22247972,38.96993247,39.1455112,43.35501825,44.68420574,48.48879871,49.96237105,48.97535973,50.98139707,50.78884367,49.24303152,50.18588448,52.36660112,54.15312802,58.12222192,59.78509768,55.80469689,52.01705093,49.7302169,46.38612747,43.78839186,44.0357677,42.76553177
"Nigeria","NGA","Services, value added (current LCU)",83514847143,88878631678,95421160720,1.12e+11,1.36e+11,1.76e+11,2.08e+11,2.43e+11,3.71e+11,5.32e+11,7.52e+11,1.15e+12,1.44e+12,1.61e+12,2.04e+12,2.39e+12,3.09e+12,3.81e+12,4.48e+12,5.31e+12,7.86e+12,1.03e+13,1.47e+13,1.73e+13,1.96e+13,2.22e+13,2.77e+13,3.11e+13,3.63e+13,4.24e+13,4.88e+13,5.53e+13,6.13e+13,6.41e+13,6.71e+13,7.24e+13,7.16e+13,7.71e+13,8.91e+13,1e+14
"Nigeria","NGA","Industry (including construction), value added (constant 2015 US$)",50967817609,53251653820,50696274742,53440400242,57785348437,57348212486,67704684113,66262078028,70321515792,65531725069,61653320435,59796602816,63174603056,64374129417,64626559505,61957681412,66579577088,70305318814,71210890911,79870071976,81276844125,82654843039,81031536495,79469487878,77845024420,79795495156,83970747594,91016806101,93226419333,95242799553,1.02e+11,99398039146,90600940626,92545176642,94276935509,96456722911,90816956363,90392187062,86212666389,86837493492
"Nigeria","NGA","Manufacturing, value added (constant LCU)",3.28e+12,3.45e+12,3.14e+12,3.68e+12,4.24e+12,3.57e+12,3.83e+12,4.17e+12,4.67e+12,3.85e+12,3.36e+12,2.9e+12,2.99e+12,3.05e+12,2.91e+12,2.98e+12,2.98e+12,3.05e+12,3.59e+12,3.2e+12,3.17e+12,3.24e+12,3.27e+12,3.27e+12,3.37e+12,3.49e+12,3.58e+12,4.22e+12,4.78e+12,5.83e+12,6.68e+12,6.59e+12,6.3e+12,6.29e+12,6.42e+12,6.47e+12,6.29e+12,6.5e+12,6.66e+12,6.75e+12
"Nigeria","NGA","Women Business and the Law Index Score (scale 1-100)",54.375,54.375,54.375,54.375,54.375,54.375,54.375,54.375,54.375,54.375,54.375,54.375,54.375,54.375,54.375,54.375,54.375,54.375,54.375,54.375,54.375,54.375,54.375,56.875,56.875,56.875,56.875,56.875,63.125,63.125,63.125,63.125,63.125,63.125,63.125,63.125,63.125,66.25,66.25,66.25
"Nigeria","NGA","Lower secondary school starting age (years)",12,12,12,12,12,12,12,12,12,12,12,12,12,12,12,12,12,12,12,12,12,12,12,12,12,12,12,12,12,12,12,12,12,12,12,12,12,12,12,12
"Nigeria","NGA","Fixed telephone subscriptions",192560,203980,215630,227460,235530,250000,289190,294166,320934,342287,368715,405073,412779,404177,438619,473316,553374,600321,702000,888534,1027520,1223260,1687970,1579660,1307630,1482000,1050240,719406,418166,360537,183290,187155,154513,139344,140491,107154,107031,106385,96996,111971
"Nigeria","NGA","Transport services (% of service exports, BoP)",59.18674699,73.97163121,27.12984055,16.91111111,36.3030303,2.878937008,3.856042641,11.25681399,14.59544039,17.17499531,13.63079186,16.40429464,10.42016807,11.54923088,12.83535912,12.03236933,12.03000569,12.02969086,12.02998636,10.40498748,20.16827764,74.61345466,79.47318293,57.49350335,53.41297736,49.5183333,63.94378205,46.87430821,58.09064173,45.87602901,38.88697712,57.215883,44.46193672,25.85296751,27.62623974,39.76956223,51.4151048,56.61708758,41.59169056,43.05781329
"Nigeria","NGA","Goods exports (BoP, current US$)",11856065964,13114052218,5084572832,7559939661,6875078062,7871430540,13585233678,12253892816,11791172220,9909995331,9459083470,3651450473,5049925072,4638680046,2556264311,12876266676,19132487905,17991625555,15613673538,23975612114,34766753663,55201459539,56934207071,66051055294,85745471629,56174949003,79618734657,99050952223,96123518929,97022823221,82595804758,45887738522,34703895443,45817488230,61221023098,64977546739,35944162564,46859613686,64227131760,55820814579
"Nigeria","NGA","Communications, computer, etc. (% of service exports, BoP)",25.60240964,9.929078014,0,48.11111111,46.24242424,95.96456693,93.3193575,83.55303333,81.5380288,79.00322531,83.25569993,80.24139786,84.48114129,81.04487134,81.41731123,81.65074732,81.62023557,81.62048995,81.61994455,88.62019946,79.03386982,21.7045393,11.96053918,26.48048913,20.77876271,22.94998444,17.10158295,34.20312302,18.26497123,30.5831536,32.01581896,20.61389007,18.19468453,16.29788306,15.7792772,14.63819734,16.95112346,16.56241704,16.46273807,16.72105491
"Nigeria","NGA","Portfolio investment, net (BoP, current US$)",-401812094.7,-876060309.4,-86633232.88,-1084153265,-575715051.9,219831399.2,197148078.8,61109599.48,-1884268077,17780308.07,27141298.42,25583636.3,54088507.95,20321016.1,2363115.767,-11013871.85,-502264890.6,-831771646.9,-133938021.8,-182894058.2,-177818881.7,487949764.2,-1288018525,-799672941.1,3401810908,345305077.9,-2586452804,-3540318310,-14992409830,-10320930913,-1843622658,-858700673.5,-1894322229,-10331328580,6779467.05,-3090853025,3691340692,-5343327271,-3864707334,-6216386548
"Nigeria","NGA","Net trade in goods and services (BoP, current US$)",1634644658,4326596701,1090894788,2830650969,2079803687,3355314210,7641622023,2878710925,3853246869,1685012648,311829423.5,-155213290.1,1749727568,543132296.1,-1003652735,1792044671,8947932361,3908840366,2339989712,5582237051,17120483279,24367471605,23321457683,20849760439,23807545674,8910395195,11846267187,11643852019,17649549961,22765054982,-1860415124,-22899676713,-8550719264,-86132009.91,-5598563491,-30893479544,-32241264094,-16622243079,-7958107284,-5161397332
"Nigeria","NGA","Current account balance (BoP, current US$)",122630964,2603566207,210883527.4,-73206490.58,-296453577.6,1089516459,4988245134,1202560682,2267772911,-780390880.7,-2127932351,-802326715.4,1098803755,168239307.8,-1209158482,505750064.2,7427061116,2477762769,1083110754,3390606192,16840536008,36529017085,36517576728,27648255974,29145209283,13869493318,13111276866,10668377374,17374274675,19048981238,906535877.2,-15438642534,5077217476,13563765219,7283154463,-13685219004,-15985927541,-3254163170,1018598846,6022697305
"Nigeria","NGA","Foreign direct investment, net outflows (BoP, current US$)",1500999.9,1847000,14411000,-7889999.9,5060999.9,797748186.2,414600000,411500000,260100000,532700000,328200000,191753360,597184660,102972820,158800980,172817610,168938510,93883560,172161490,167321370,-260755090,14635077.18,319618789.8,867680640.4,1051265240,1525344475,911719866.5,816759862.4,1530123712,1227434198,1614294500,1435203637,335464994.2,310830719,565569111.7,285318845.9,1473332437,1817909995,-67063088.27,255843349.3
"Nigeria","NGA","Imports of goods and services (BoP, current US$)",10654543434,9102971491,4243888500,4953390194,5158953486,5067935235,6908759515,10261492773,8990513022,9387575638,9518139662,3995726172,3529749545,4335437770,3811716862,12063839304,12017504097,15736052593,15797454749,21866489427,20982274513,32626574561,35911382104,46644431092,64200972067,49482726081,70853002118,90793633765,80874233958,76653930614,86447570348,71947444729,46998259619,50934118759,71637362154,1.01e+11,72178439248,67478021321,77049238561,65422816734
"Nigeria","NGA","Taxes less subsidies on products (constant LCU)",1.63e+11,1.73e+11,1.73e+11,1.78e+11,1.91e+11,1.95e+11,2.17e+11,2.18e+11,2.28e+11,2.24e+11,2.21e+11,2.21e+11,2.31e+11,2.38e+11,2.45e+11,2.48e+11,2.61e+11,2.77e+11,3.19e+11,3.42e+11,3.74e+11,3.98e+11,4.23e+11,4.52e+11,4.83e+11,5.22e+11,0,0,13900970000,7.24e+11,8.25e+11,7.57e+11,7.21e+11,7.15e+11,7.36e+11,7.06e+11,7.86e+11,9.89e+11,1.13e+12,1.25e+12
"Nigeria","NGA","GDP per capita (constant 2015 US$)",1408.208654,1451.369001,1414.697626,1422.825477,1488.176799,1477.611948,1608.779561,1573.702248,1605.548136,1533.183686,1467.091921,1429.012072,1451.819572,1457.227896,1457.70111,1429.405592,1462.535997,1508.55359,1693.745727,1769.882237,1882.181986,1950.122368,2013.274011,2088.60443,2170.058816,2281.386346,2397.323545,2455.746494,2490.213111,2585.647196,2677.493581,2679.554223,2570.959759,2526.99961,2512.080475,2505.462239,2401.183415,2429.58529,2449.587981,2460.394496
"Nigeria","NGA","GDP (constant 2015 US$)",1.15e+11,1.21e+11,1.21e+11,1.25e+11,1.34e+11,1.37e+11,1.53e+11,1.54e+11,1.61e+11,1.58e+11,1.55e+11,1.55e+11,1.61e+11,1.66e+11,1.7e+11,1.71e+11,1.8e+11,1.9e+11,2.19e+11,2.36e+11,2.57e+11,2.74e+11,2.91e+11,3.1e+11,3.31e+11,3.57e+11,3.86e+11,4.06e+11,4.24e+11,4.52e+11,4.8e+11,4.93e+11,4.85e+11,4.89e+11,4.98e+11,5.09e+11,5e+11,5.18e+11,5.35e+11,5.51e+11
"Nigeria","NGA","Gross value added at basic prices (GVA) (current LCU)",1.64e+11,1.86e+11,1.96e+11,2.42e+11,3.13e+11,4.11e+11,4.9e+11,5.84e+11,8.97e+11,1.24e+12,1.75e+12,3.07e+12,4.05e+12,4.37e+12,4.76e+12,5.43e+12,6.99e+12,8.15e+12,1.14e+13,1.34e+13,1.79e+13,2.29e+13,3.01e+13,3.43e+13,3.95e+13,4.3e+13,5.46e+13,6.3e+13,7.17e+13,8.01e+13,8.9e+13,9.41e+13,1.01e+14,1.14e+14,1.28e+14,1.44e+14,1.52e+14,1.74e+14,1.99e+14,2.3e+14
"Nigeria","NGA","Services, value added (annual % growth)",-3.799597276,2.720235532,3.187366179,3.307543319,4.932933048,4.58869515,6.491003701,2.748868417,3.482541889,3.580502959,1.874033973,1.97322899,2.500908394,3.642585641,4.654346336,4.004039803,3.3500816,7.389063749,11.38343395,2.553454873,19.99840316,10.63187136,12.3700916,12.85628591,13.00123116,12.42736282,12.87525816,4.896371563,3.968698632,8.383539349,6.845993142,4.781039637,-0.815421275,-0.913446481,1.827288842,2.217471827,-2.222329652,5.608459648,6.657798958,4.176672929
"Nigeria","NGA","Industry (including construction), value added (constant LCU)",8.39e+12,8.77e+12,8.35e+12,8.8e+12,9.51e+12,9.44e+12,1.11e+13,1.09e+13,1.16e+13,1.08e+13,1.02e+13,9.85e+12,1.04e+13,1.06e+13,1.06e+13,1.02e+13,1.1e+13,1.16e+13,1.17e+13,1.32e+13,1.34e+13,1.36e+13,1.33e+13,1.31e+13,1.28e+13,1.31e+13,1.38e+13,1.5e+13,1.54e+13,1.57e+13,1.67e+13,1.64e+13,1.49e+13,1.52e+13,1.55e+13,1.59e+13,1.5e+13,1.49e+13,1.42e+13,1.43e+13
"Nigeria","NGA","Industry (including construction), value added (current US$)",22299505263,24680219723,17993190819,17323517773,16192782091,15573478537,19134251719,22004430880,19630936430,18816835855,25179864018,51492776768,69547576268,70797455582,62690778355,17367179006,23395862360,20799410716,21901251043,27234657453,38543661708,49541882383,61406061928,67741818006,83899011865,62650322719,92912623574,1.17e+11,1.26e+11,1.34e+11,1.42e+11,99398039146,73537418564,83848100239,1.09e+11,1.3e+11,1.22e+11,1.38e+11,1.45e+11,1.18e+11
"Nigeria","NGA","Manufacturing, value added (constant 2015 US$)",23166191072,24374423052,22142802093,25976441550,29908017510,25185816737,26999032833,29397032865,32942445902,27174068663,23745263459,20455828359,21106626791,21538698538,20524564682,21000246735,21035791493,21528777639,25346129758,22606710802,22366539478,22881632059,23067618907,23089528013,23781567564,24639619054,25256074168,29755546544,33760422763,41119215814,47173512265,46484711768,44477671319,44383555678,45312975463,45660495430,44402577869,45889338257,47012419691,47672766948
"Nigeria","NGA","Personal transfers, receipts (BoP, current US$)",6522923.616,10069658.73,3989688.356,2739018.355,2424527.401,10183665.81,10008540.02,65544714.33,56448404.41,793154025.5,549872704.1,250043007.2,296587337.3,585738409.8,448546824.8,1301055577,1391826072,1166614598,1208958588,1062820789,2272734507,14484954155,16740142866,17796432199,19072984200,18232674906,19578178892,20436320975,20362393280,20607379091,20799005200,20408180000,19506649180,21801687628,24061649700,23549344795,17001764471,19241173752,19864126827,19273568404
"Nigeria","NGA","Foreign direct investment, net inflows (BoP, current US$)",189164784.9,485581320.9,193214907.5,610552091.5,378667097.7,1884249739,587882970.6,712373362.5,896641282.5,1345368587,1959219858,335842165,499276809.5,469577019.8,299566658.3,1004915631,1140167556,1190618644,1874070753,2005353563,1874060887,4982533930,4854353979,6036021405,8194071895,8555990007,6026253091,8841062051,7069908428,5562857987,4693828632,3064168904,3453258408,2412974916,775247400,2305099812,2385277666,3313210000,-186792428.9,1872520530
"Nigeria","NGA","Exports of goods and services (BoP, current US$)",12289188092,13429568192,5334783288,7784041163,7238757173,8423249445,14550381538,13140203698,12843759891,11072588287,9829969085,3840512882,5279477113,4878570067,2808064127,13855883974,20965436459,19644892959,18137444461,27448726478,38102757792,56994046167,59232839787,67494191531,88008517741,58393121276,82699269305,1.02e+11,98523783918,99418985596,84587155224,49047768016,38447540356,50847986749,66038798663,69926720656,39937175154,50855778242,69091131276,60261419401
"Nigeria","NGA","Net secondary income (BoP, current US$)",-331364519.7,-259573425,-137359270.5,-23904160.19,-11902225.42,126549020.4,84733173.56,744163639.2,752724937.8,812298404.3,497908710.7,248579189.8,296040037.1,584573564.9,447218731.5,1291655341,1626949740,1366571445,1413272954,1051258548,2251878903,15152483342,17797685792,18548157038,20392034760,19364462734,20705047817,21806609824,21810105944,21804483550,21929024099,20168785597,19889168324,21995572071,24134095979,26369298008,21022318628,21951160319,21849278466,22124333667
"Nigeria","NGA","Net errors and omissions (BoP, current US$)",253089436.3,-129786712.5,-180675887,-305774049.1,682482422.2,127037836.4,234326740.5,-91401247.81,-121897632.4,-87860938.56,-139025277.3,-32209731.77,-18893070.52,-34035576.34,-42455953.04,-53877002.02,1848718387,779100747.3,837436077.9,5633567568,4711164757,-17344525180,-17150967082,-14401689659,-20776244179,-26380225477,-15144320037,-5264809973,-4998421610,-26734805126,-13192769294,20773244148,-15355378310,-18819188733,-7183702242,-7750137910,16961330919,-3095813146,-7513481267,-24844489705
"Nigeria","NGA","Net financial account (BoP, current US$)",375720400.3,2473779494,30207640.41,-378980539.6,-517526394.3,981569601.6,5222571874,1111159434,2145875279,-868251819.3,-2266957629,-848934484.3,1063449062,134203731.5,-1246742039,465073463.7,9308464332,3256863516,1920546832,9024331627,21551969412,26520065055,29922116827,13246566315,8368965326,-12510732086,-2033043198,5403567437,12375853065,-7685823887,-12286233417,5334601614,-10278160834,-5255423513,99452221.47,-21435356914,975403378.6,-6349976317,-6494882421,-18821792399
"Nigeria","NGA","Secondary income, other sectors, payments (BoP, current US$)",311795748.8,268524232.8,137929226,21663145.17,37029145.76,28785828.68,8853591.755,53510676.99,34802542.94,2310583.528,3500636.479,1463817.392,547300.155,1164844.856,1328093.32,9400236.739,1052141.649,593358.4312,903977.98,11562241.36,20855603.81,70652958.31,129431358.6,67165782.17,412090672.1,346227562.1,309848597.4,355004837.2,320253278.4,542879268.2,819262650.9,1797895403,1045863873,521627654.3,391566861.6,711087955.5,604518220.2,437393253.2,900803346.8,405072648.9
"Nigeria","NGA","Goods imports (BoP, current US$)",8855521101,7447072056,3137604914,4081635352,4354892035,3693411915,4932440120,7813163333,7180671769,6661691668,6511456628,2558328251,2017343885,2898202022,2624690795,8587971812,8717239390,11096414002,10875792251,16151796883,15008992496,26003095375,21987687010,28296084705,39831771575,30783444160,49520486755,66222804645,56933227904,54851077400,61536216035,52334758961,35239953320,32669337891,40753698153,62110034589,52345924543,51421117279,58228962144,47745799135
"Nigeria","NGA","Secondary income receipts (BoP, current US$)",15655016.68,31327827.16,14248886.99,4482030.035,27771859.32,157371582.3,167108232.3,876621324.9,816774041.6,856544673.3,549872704.1,250043007.2,296587337.3,585738409.8,448546824.8,1301055577,1637441657,1372487048,1422304440,1062820789,2272734507,15283868948,17974770556,18698256028,20922596479,19828185800,21183037700,22278494517,22292511084,22527248104,22800731750,22117335000,20942658197,22517199725,24525662840,27080385964,21626836848,22388553572,22750081813,22529406316
"Nigeria","NGA","Travel services (% of service exports, BoP)",11.14457831,10.63829787,71.75398633,34.44444444,14.90909091,0.93503937,2.540251657,4.445500708,2.747790513,2.872793757,2.684481491,2.7554911,4.827047098,6.977032679,5.323020258,5.471168303,5.50000059,5.499877648,5.499953748,0.861846151,0.63183064,3.039532391,8.013074941,14.78361434,25.13347889,27.13316227,18.4730878,18.40214935,23.10213036,22.45171724,27.27445567,12.7820326,28.58964963,50.67280093,40.73175667,29.27949072,7.846250248,6.408153737,23.16713252,15.1414363
"Nigeria","NGA","Service exports (BoP, current US$)",433122128.1,315515973.5,250210455.5,224101501.8,363679110.1,551818904.5,965147860,886310881.9,1052587671,1162592955,370885615.6,189062408.9,229552040.4,239890020.2,251799815.8,979617297.7,1832948553,1653267405,2523770923,3473114365,3336004128,1792586628,2298632716,1443136237,2263046112,2218172273,3080534648,3386533561,2400264989,2396162375,1991350466,3160029494,3743644913,5030498519,4817775565,4949173917,3993012590,3996164556,4863999517,4440604822
"Nigeria","NGA","Primary income receipts (BoP, current US$)",57401727.82,80557269.83,56425592.47,45816307.03,40776142.65,152076076.1,211081188.5,210864729.5,155890622.1,57773663.72,48599745.41,31350457.69,36009658.56,78831088.2,94869638.17,239706036.8,217645824.9,198990841.2,183565583.6,81626823.84,157451734.3,155130172.7,1875143760,2564188225,2351126037,935405861.4,997752240.3,897528115.3,956530506.5,880842385.1,1633038000,930770823.2,1245045387,1486012728,2050356417,2319148447,1701872485,1900161365,1668872199,2441291566
"Nigeria","NGA","Reserves and related items (BoP, current US$)",-970554954.9,-1208835606,-1058876534,-4538633962,-5129004533,-2666892219,1041075804,-1522885104,-5638074583,-1911146039,-1938033935,-862650733.4,-238487281.2,4670720.685,-818487343.9,-3537662520,3089271863,222705573.7,-4689238429,-1260115728,8491391423,11335787996,13894470557,8960146891,1656611618,-10516390468,-9692912667,305848564.9,11097745203,-980099587,-8452487761,-5853533823,-980917730.8,12241890189,3286180061,-4490238393,-5047487523,3608654133,-3381557620,-2754917394
"Nigeria","NGA","Net trade in goods (BoP, current US$)",3000544863,5666980162,1946967918,3478304309,2520186027,4178018625,8652793558,4440729483,4610500451,3248303663,2947626841,1093122222,3032581187,1740478024,-68426484.03,4288294864,10415248515,6895211553,4737881287,7823815230,19757761168,29198364164,34946520061,37754970589,45913700054,25391504843,30098247902,32828147578,39190291025,42171745821,21059588723,-6447020438,-536057877.7,13148150339,20467324945,2867512150,-16401761979,-4561503593,5998169616,8075015444
"Nigeria","NGA","Current account balance (% of GDP)",0.16688036,3.530459307,0.384782861,-0.138974927,-0.597105158,2.476001514,9.231371719,2.020199317,4.356227649,-1.375839942,-2.646694767,-0.569349975,0.591612747,0.083763493,-0.553602928,0.855100863,10.73717689,3.368455037,1.139468174,3.237196911,12.40420528,20.79404484,15.31424259,9.936092804,8.585344933,4.70138235,3.572648291,2.574001234,3.744689645,3.662440304,0.157882534,-3.131401012,1.254720982,3.609825501,1.726933037,-2.884028359,-3.69874324,-0.738174986,0.215519643,1.659991485
"Nigeria","NGA","Foreign direct investment, net outflows (% of GDP)",0.002042611,0.002504549,0.026294637,-0.014978346,0.010193667,1.812937932,0.767269172,0.691284882,0.499633277,0.939157485,0.40821092,0.13607271,0.321533354,0.051268417,0.072705678,0.292192721,0.244231552,0.127632296,0.181119556,0.15975085,-0.192063938,0.008330978,0.134037363,0.311822756,0.309672667,0.517050438,0.248431519,0.197062854,0.32978864,0.235991858,0.281145968,0.291100601,0.082902686,0.082723686,0.134103978,0.060128204,0.340892224,0.412375045,-0.014189504,0.070516209
"Nigeria","NGA","Imports of goods, services and primary income (BoP, current US$)",11892594336,10646985829,5042966082,7879159800,7564084667,7612358082,9857950766,12892671385,11484602539,12723051235,12504409893,4922769244,4512723054,5373735412,4559310979,14881495287,15382970907,18732692476,18651172245,25191005658,23671552422,35772642567,42388092835,60958280524,81606469266,64823496557,91290792507,1.14e+11,1.04e+11,1.03e+11,1.07e+11,85585966970,54504536590,60765806329,84940096596,1.12e+11,78647293808,77961263096,91590683095,78804347328
"Nigeria","NGA","Trade in services (% of GDP)",3.037577623,2.673257112,2.475089753,2.080369564,2.352017193,4.377745947,5.443553174,5.601911156,5.498518815,6.855438729,4.200976249,1.154174641,0.937896667,0.835012421,0.658754194,7.533145635,7.420999761,8.555044561,7.832841097,8.772101051,6.856925236,4.790822854,6.80309828,7.11256465,7.845098013,7.090450076,6.652230923,6.745382499,5.677352681,4.652608394,4.685382362,4.618962027,3.830961256,6.199745589,8.465287364,9.20078614,5.512630268,4.548841857,5.011223725,6.096116579
"Nigeria","NGA","Net migration",67234,19791,12447,40048,72254,81688,107212,12661,63692,60446,98121,43504,54743,67109,62195,41275,34146,37267,39619,4194,16528,-46749,-41526,-38960,-43402,-48397,18073,38226,41741,10588,-49351,-145917,-54315,15016,-81384,-103989,-4824,-76364,-59996,-59996
"Nigeria","NGA","Agriculture, forestry, and fishing, value added (annual % growth)",-4.382437317,18.56114807,9.365326437,-3.186082811,9.78310299,4.768506891,4.172320542,3.640158713,2.338045027,1.874200358,2.564588887,3.586409521,3.92635857,4.164253406,3.93809481,5.103686744,2.919598586,3.792026512,55.57804728,7.007057529,6.261229042,7.069955008,7.412882938,7.199764747,6.268228151,5.88177543,5.827642175,2.915848676,6.704158618,2.93667993,4.270127337,3.717921527,4.106746197,3.445211839,2.122602829,2.362246227,2.169392828,2.126851658,1.882007672,1.1283675
"Nigeria","NGA","Fixed telephone subscriptions (per 100 people)",0.236741816,0.244038269,0.251304759,0.25834755,0.260681988,0.269559031,0.298,0.295,0.313,0.326,0.342,0.366,0.363,0.346,0.366,0.385,0.438,0.462,0.526,0.648,0.728,0.844,1.13,1.03,0.83,0.915,0.63,0.42,0.237,0.199,0.0986,0.0982,0.0791,0.0696,0.0686,0.0512,0.05,0.0487,0.0435,0.0491
